sample_group	mapping_barcode	sgrna_primary_assignment	terminal_nona_direct_class	n_reads	polya_nt_n	polya_nt_median	polya_nt_q25	polya_nt_q75	read_nt_n	read_nt_median	read_nt_q25	read_nt_q75
MHV-mut	bc07	sgRNA3_S	A_junction_like	2	2	56.6809375	52.18915525	61.17271975	2	7369.0	7363.5	7374.5
MHV-mut	bc07	sgRNA4_ORF4	A_junction_like	207	207	56.0	45.543481	65.2901105	207	3419.0	3375.0	3449.5
MHV-mut	bc07	sgRNA4_ORF4	terminal_junction_nonA_like	38	38	52.120802499999996	42.62985475	64.0	38	3411.0	3372.75	3451.75
MHV-mut	bc07	sgRNA5_ORF5_E	A_junction_like	95	95	54.219522	42.2875515	63.9617595	95	3037.0	2991.5	3070.5
MHV-mut	bc07	sgRNA5_ORF5_E	terminal_junction_nonA_like	15	15	54.230438	45.204113	66.47403600000001	15	2999.0	2986.0	3065.0
MHV-mut	bc07	sgRNA6_M	A_junction_like	332	332	53.965159	42.72636275	65.0	332	2386.5	2355.0	2429.25
MHV-mut	bc07	sgRNA6_M	terminal_junction_nonA_like	61	61	48.776516	37.363304	62.289998	61	2365.0	2355.0	2417.0
MHV-mut	bc07	sgRNA7_N	A_junction_like	1405	1405	47.012729	36.724394	58.284496	1405	1679.0	1659.0	1733.0
MHV-mut	bc07	sgRNA7_N	terminal_junction_nonA_like	281	281	46.0	35.253412	58.0	281	1673.0	1660.0	1730.0
MHV-mut	bc11	sgRNA3_S	A_junction_like	8	8	72.0	65.0	82.0	8	7467.0	7448.0	7488.25
MHV-mut	bc11	sgRNA4_ORF4	A_junction_like	148	148	64.0	55.0	75.25	148	3466.0	3449.0	3479.0
MHV-mut	bc11	sgRNA4_ORF4	terminal_junction_nonA_like	35	35	63.0	55.5	72.0	35	3465.0	3442.5	3481.0
MHV-mut	bc11	sgRNA5_ORF5_E	A_junction_like	90	90	64.0	53.0	74.0	90	3086.0	3062.75	3097.75
MHV-mut	bc11	sgRNA5_ORF5_E	terminal_junction_nonA_like	14	14	56.5	46.70384475	67.75	14	3093.0	3074.25	3101.25
MHV-mut	bc11	sgRNA6_M	A_junction_like	367	367	59.844818	49.373205999999996	71.995666	367	2451.0	2431.0	2464.0
MHV-mut	bc11	sgRNA6_M	terminal_junction_nonA_like	53	53	66.46241	56.101941	76.0	53	2448.0	2431.0	2460.0
MHV-mut	bc11	sgRNA7_N	A_junction_like	1983	1983	54.667272	42.0	67.0	1983	1757.0	1743.0	1765.0
MHV-mut	bc11	sgRNA7_N	terminal_junction_nonA_like	318	318	55.0	42.23632775	66.98045925	318	1757.0	1738.0	1766.0
MHV-wt	bc05	sgRNA2_ORF2a_HE	A_junction_like	1	1	71.0	71.0	71.0	1	9649.0	9649.0	9649.0
MHV-wt	bc05	sgRNA3_S	A_junction_like	3	3	95.0	70.0	97.5	3	7455.0	7451.0	7725.0
MHV-wt	bc05	sgRNA4_ORF4	A_junction_like	83	83	68.0	60.0	75.0	83	3466.0	3447.0	3485.0
MHV-wt	bc05	sgRNA4_ORF4	terminal_junction_nonA_like	10	10	80.0	55.0	95.0	10	3479.0	3460.0	3491.5
MHV-wt	bc05	sgRNA5_ORF5_E	A_junction_like	56	56	63.1366805	54.75	76.5	56	3089.0	3067.0	3104.0
MHV-wt	bc05	sgRNA5_ORF5_E	terminal_junction_nonA_like	3	3	49.825876	25.912938	61.412938	3	2979.0	2976.5	3029.0
MHV-wt	bc05	sgRNA6_M	A_junction_like	168	168	63.5	53.0	72.25	168	2453.0	2440.75	2462.0
MHV-wt	bc05	sgRNA6_M	terminal_junction_nonA_like	24	24	62.0	49.97573175	67.25	24	2454.5	2436.75	2466.75
MHV-wt	bc05	sgRNA7_N	A_junction_like	890	890	55.0	43.0	68.0	890	1758.0	1747.0	1767.0
MHV-wt	bc05	sgRNA7_N	terminal_junction_nonA_like	103	103	59.0	46.0	72.0	103	1758.0	1744.0	1769.5
MHV-wt	bc06	sgRNA2_ORF2a_HE	A_junction_like	1	1	90.0	90.0	90.0	1	9614.0	9614.0	9614.0
MHV-wt	bc06	sgRNA3_S	A_junction_like	5	5	73.0	70.0	81.0	5	7465.0	7462.0	7484.0
MHV-wt	bc06	sgRNA3_S	terminal_junction_nonA_like	2	2	51.5	49.75	53.25	2	7477.5	7474.25	7480.75
MHV-wt	bc06	sgRNA4_ORF4	A_junction_like	208	208	67.0	59.0	76.25	208	3474.0	3463.0	3487.0
MHV-wt	bc06	sgRNA4_ORF4	terminal_junction_nonA_like	29	29	66.0	57.0	76.0	29	3474.0	3464.0	3483.0
MHV-wt	bc06	sgRNA5_ORF5_E	A_junction_like	81	81	62.0	53.0	71.0	81	3085.0	3075.0	3097.0
MHV-wt	bc06	sgRNA5_ORF5_E	terminal_junction_nonA_like	10	10	70.0	56.0	72.75	10	3092.0	3078.25	3105.5
MHV-wt	bc06	sgRNA6_M	A_junction_like	332	332	66.0	56.0	75.25	332	2454.0	2442.75	2464.0
MHV-wt	bc06	sgRNA6_M	terminal_junction_nonA_like	51	51	66.0	54.0	74.0	51	2454.0	2444.0	2463.5
MHV-wt	bc06	sgRNA7_N	A_junction_like	1554	1554	57.0	45.0	69.0	1554	1760.0	1752.0	1768.0
MHV-wt	bc06	sgRNA7_N	terminal_junction_nonA_like	241	241	56.0	42.0	72.0	241	1760.0	1752.0	1769.0
mock	bc04	sgRNA4_ORF4	A_junction_like	12	12	67.0	52.24946575	77.75	12	3471.0	3441.25	3484.75
mock	bc04	sgRNA4_ORF4	terminal_junction_nonA_like	2	2	60.882901000000004	53.8243515	67.9414505	2	3448.5	3427.75	3469.25
mock	bc04	sgRNA5_ORF5_E	A_junction_like	3	3	41.444705	40.7223525	45.2223525	3	3095.0	3065.0	3207.0
mock	bc04	sgRNA6_M	A_junction_like	20	20	59.5	50.0	75.25	20	2447.5	2423.25	2455.25
mock	bc04	sgRNA6_M	terminal_junction_nonA_like	1	1	55.0	55.0	55.0	1	2429.0	2429.0	2429.0
mock	bc04	sgRNA7_N	A_junction_like	73	73	50.0	40.348353	69.0	73	1746.0	1725.0	1763.0
mock	bc04	sgRNA7_N	terminal_junction_nonA_like	16	16	49.461351	40.3739695	70.90985599999999	16	1753.0	1726.5	1771.0
