mapping_barcode	sample_group	read_origin	bin_left_pa	bin_right_pa	bin_mid_pa	n_reads	percent_of_all_callable
bc05	MHV-wt	MHV-mapped	-15.0	-14.75	-14.875	0	0.0
bc05	MHV-wt	MHV-mapped	-14.75	-14.5	-14.625	0	0.0
bc05	MHV-wt	MHV-mapped	-14.5	-14.25	-14.375	0	0.0
bc05	MHV-wt	MHV-mapped	-14.25	-14.0	-14.125	1	0.010672358591248666
bc05	MHV-wt	MHV-mapped	-14.0	-13.75	-13.875	1	0.010672358591248666
bc05	MHV-wt	MHV-mapped	-13.75	-13.5	-13.625	0	0.0
bc05	MHV-wt	MHV-mapped	-13.5	-13.25	-13.375	0	0.0
bc05	MHV-wt	MHV-mapped	-13.25	-13.0	-13.125	0	0.0
bc05	MHV-wt	MHV-mapped	-13.0	-12.75	-12.875	5	0.05336179295624333
bc05	MHV-wt	MHV-mapped	-12.75	-12.5	-12.625	0	0.0
bc05	MHV-wt	MHV-mapped	-12.5	-12.25	-12.375	0	0.0
bc05	MHV-wt	MHV-mapped	-12.25	-12.0	-12.125	1	0.010672358591248666
bc05	MHV-wt	MHV-mapped	-12.0	-11.75	-11.875	1	0.010672358591248666
bc05	MHV-wt	MHV-mapped	-11.75	-11.5	-11.625	1	0.010672358591248666
bc05	MHV-wt	MHV-mapped	-11.5	-11.25	-11.375	1	0.010672358591248666
bc05	MHV-wt	MHV-mapped	-11.25	-11.0	-11.125	2	0.021344717182497332
bc05	MHV-wt	MHV-mapped	-11.0	-10.75	-10.875	4	0.042689434364994665
bc05	MHV-wt	MHV-mapped	-10.75	-10.5	-10.625	1	0.010672358591248666
bc05	MHV-wt	MHV-mapped	-10.5	-10.25	-10.375	2	0.021344717182497332
bc05	MHV-wt	MHV-mapped	-10.25	-10.0	-10.125	2	0.021344717182497332
bc05	MHV-wt	MHV-mapped	-10.0	-9.75	-9.875	3	0.032017075773746
bc05	MHV-wt	MHV-mapped	-9.75	-9.5	-9.625	1	0.010672358591248666
bc05	MHV-wt	MHV-mapped	-9.5	-9.25	-9.375	7	0.07470651013874066
bc05	MHV-wt	MHV-mapped	-9.25	-9.0	-9.125	6	0.064034151547492
bc05	MHV-wt	MHV-mapped	-9.0	-8.75	-8.875	7	0.07470651013874066
bc05	MHV-wt	MHV-mapped	-8.75	-8.5	-8.625	12	0.128068303094984
bc05	MHV-wt	MHV-mapped	-8.5	-8.25	-8.375	13	0.13874066168623264
bc05	MHV-wt	MHV-mapped	-8.25	-8.0	-8.125	14	0.14941302027748132
bc05	MHV-wt	MHV-mapped	-8.0	-7.75	-7.875	22	0.23479188900747067
bc05	MHV-wt	MHV-mapped	-7.75	-7.5	-7.625	16	0.17075773745997866
bc05	MHV-wt	MHV-mapped	-7.5	-7.25	-7.375	29	0.30949839914621136
bc05	MHV-wt	MHV-mapped	-7.25	-7.0	-7.125	26	0.2774813233724653
bc05	MHV-wt	MHV-mapped	-7.0	-6.75	-6.875	41	0.4375667022411953
bc05	MHV-wt	MHV-mapped	-6.75	-6.5	-6.625	41	0.4375667022411953
bc05	MHV-wt	MHV-mapped	-6.5	-6.25	-6.375	44	0.46958377801494133
bc05	MHV-wt	MHV-mapped	-6.25	-6.0	-6.125	60	0.6403415154749199
bc05	MHV-wt	MHV-mapped	-6.0	-5.75	-5.875	65	0.6937033084311632
bc05	MHV-wt	MHV-mapped	-5.75	-5.5	-5.625	74	0.7897545357524013
bc05	MHV-wt	MHV-mapped	-5.5	-5.25	-5.375	91	0.9711846318036286
bc05	MHV-wt	MHV-mapped	-5.25	-5.0	-5.125	120	1.2806830309498398
bc05	MHV-wt	MHV-mapped	-5.0	-4.75	-4.875	126	1.344717182497332
bc05	MHV-wt	MHV-mapped	-4.75	-4.5	-4.625	136	1.4514407684098185
bc05	MHV-wt	MHV-mapped	-4.5	-4.25	-4.375	167	1.7822838847385274
bc05	MHV-wt	MHV-mapped	-4.25	-4.0	-4.125	153	1.632870864461046
bc05	MHV-wt	MHV-mapped	-4.0	-3.75	-3.875	187	1.9957310565635007
bc05	MHV-wt	MHV-mapped	-3.75	-3.5	-3.625	188	2.006403415154749
bc05	MHV-wt	MHV-mapped	-3.5	-3.25	-3.375	193	2.0597652081109925
bc05	MHV-wt	MHV-mapped	-3.25	-3.0	-3.125	214	2.2838847385272145
bc05	MHV-wt	MHV-mapped	-3.0	-2.75	-2.875	240	2.5613660618996796
bc05	MHV-wt	MHV-mapped	-2.75	-2.5	-2.625	223	2.3799359658484525
bc05	MHV-wt	MHV-mapped	-2.5	-2.25	-2.375	244	2.6040554962646745
bc05	MHV-wt	MHV-mapped	-2.25	-2.0	-2.125	234	2.497331910352188
bc05	MHV-wt	MHV-mapped	-2.0	-1.75	-1.875	263	2.806830309498399
bc05	MHV-wt	MHV-mapped	-1.75	-1.5	-1.625	242	2.582710779082177
bc05	MHV-wt	MHV-mapped	-1.5	-1.25	-1.375	252	2.689434364994664
bc05	MHV-wt	MHV-mapped	-1.25	-1.0	-1.125	286	3.0522945570971185
bc05	MHV-wt	MHV-mapped	-1.0	-0.75	-0.875	215	2.2945570971184632
bc05	MHV-wt	MHV-mapped	-0.75	-0.5	-0.625	252	2.689434364994664
bc05	MHV-wt	MHV-mapped	-0.5	-0.25	-0.375	283	3.0202774813233724
bc05	MHV-wt	MHV-mapped	-0.25	0.0	-0.125	265	2.8281750266808965
bc05	MHV-wt	MHV-mapped	0.0	0.25	0.125	243	2.5933831376734258
bc05	MHV-wt	MHV-mapped	0.25	0.5	0.375	283	3.0202774813233724
bc05	MHV-wt	MHV-mapped	0.5	0.75	0.625	233	2.486659551760939
bc05	MHV-wt	MHV-mapped	0.75	1.0	0.875	236	2.5186766275346852
bc05	MHV-wt	MHV-mapped	1.0	1.25	1.125	239	2.550693703308431
bc05	MHV-wt	MHV-mapped	1.25	1.5	1.375	230	2.454642475987193
bc05	MHV-wt	MHV-mapped	1.5	1.75	1.625	255	2.72145144076841
bc05	MHV-wt	MHV-mapped	1.75	2.0	1.875	216	2.305229455709712
bc05	MHV-wt	MHV-mapped	2.0	2.25	2.125	210	2.2411953041622197
bc05	MHV-wt	MHV-mapped	2.25	2.5	2.375	197	2.102454642475987
bc05	MHV-wt	MHV-mapped	2.5	2.75	2.625	185	1.9743863393810033
bc05	MHV-wt	MHV-mapped	2.75	3.0	2.875	200	2.134471718249733
bc05	MHV-wt	MHV-mapped	3.0	3.25	3.125	185	1.9743863393810033
bc05	MHV-wt	MHV-mapped	3.25	3.5	3.375	152	1.6221985058697972
bc05	MHV-wt	MHV-mapped	3.5	3.75	3.625	174	1.8569903948772677
bc05	MHV-wt	MHV-mapped	3.75	4.0	3.875	126	1.344717182497332
bc05	MHV-wt	MHV-mapped	4.0	4.25	4.125	115	1.2273212379935965
bc05	MHV-wt	MHV-mapped	4.25	4.5	4.375	126	1.344717182497332
bc05	MHV-wt	MHV-mapped	4.5	4.75	4.625	102	1.088580576307364
bc05	MHV-wt	MHV-mapped	4.75	5.0	4.875	99	1.056563500533618
bc05	MHV-wt	MHV-mapped	5.0	5.25	5.125	81	0.8644610458911419
bc05	MHV-wt	MHV-mapped	5.25	5.5	5.375	74	0.7897545357524013
bc05	MHV-wt	MHV-mapped	5.5	5.75	5.625	61	0.6510138740661686
bc05	MHV-wt	MHV-mapped	5.75	6.0	5.875	53	0.5656350053361794
bc05	MHV-wt	MHV-mapped	6.0	6.25	6.125	35	0.3735325506937033
bc05	MHV-wt	MHV-mapped	6.25	6.5	6.375	35	0.3735325506937033
bc05	MHV-wt	MHV-mapped	6.5	6.75	6.625	32	0.3415154749199573
bc05	MHV-wt	MHV-mapped	6.75	7.0	6.875	24	0.256136606189968
bc05	MHV-wt	MHV-mapped	7.0	7.25	7.125	13	0.13874066168623264
bc05	MHV-wt	MHV-mapped	7.25	7.5	7.375	11	0.11739594450373533
bc05	MHV-wt	MHV-mapped	7.5	7.75	7.625	16	0.17075773745997866
bc05	MHV-wt	MHV-mapped	7.75	8.0	7.875	12	0.128068303094984
bc05	MHV-wt	MHV-mapped	8.0	8.25	8.125	8	0.08537886872998933
bc05	MHV-wt	MHV-mapped	8.25	8.5	8.375	3	0.032017075773746
bc05	MHV-wt	MHV-mapped	8.5	8.75	8.625	4	0.042689434364994665
bc05	MHV-wt	MHV-mapped	8.75	9.0	8.875	6	0.064034151547492
bc05	MHV-wt	MHV-mapped	9.0	9.25	9.125	1	0.010672358591248666
bc05	MHV-wt	MHV-mapped	9.25	9.5	9.375	1	0.010672358591248666
bc05	MHV-wt	MHV-mapped	9.5	9.75	9.625	5	0.05336179295624333
bc05	MHV-wt	MHV-mapped	9.75	10.0	9.875	1	0.010672358591248666
bc05	MHV-wt	MHV-mapped	10.0	10.25	10.125	0	0.0
bc05	MHV-wt	MHV-mapped	10.25	10.5	10.375	2	0.021344717182497332
bc05	MHV-wt	MHV-mapped	10.5	10.75	10.625	0	0.0
bc05	MHV-wt	MHV-mapped	10.75	11.0	10.875	0	0.0
bc05	MHV-wt	MHV-mapped	11.0	11.25	11.125	2	0.021344717182497332
bc05	MHV-wt	MHV-mapped	11.25	11.5	11.375	0	0.0
bc05	MHV-wt	MHV-mapped	11.5	11.75	11.625	1	0.010672358591248666
bc05	MHV-wt	MHV-mapped	11.75	12.0	11.875	0	0.0
bc05	MHV-wt	MHV-mapped	12.0	12.25	12.125	0	0.0
bc05	MHV-wt	MHV-mapped	12.25	12.5	12.375	1	0.010672358591248666
bc05	MHV-wt	MHV-mapped	12.5	12.75	12.625	0	0.0
bc05	MHV-wt	MHV-mapped	12.75	13.0	12.875	0	0.0
bc05	MHV-wt	MHV-mapped	13.0	13.25	13.125	0	0.0
bc05	MHV-wt	MHV-mapped	13.25	13.5	13.375	0	0.0
bc05	MHV-wt	MHV-mapped	13.5	13.75	13.625	0	0.0
bc05	MHV-wt	MHV-mapped	13.75	14.0	13.875	2	0.021344717182497332
bc05	MHV-wt	MHV-mapped	14.0	14.25	14.125	0	0.0
bc05	MHV-wt	MHV-mapped	14.25	14.5	14.375	0	0.0
bc05	MHV-wt	MHV-mapped	14.5	14.75	14.625	0	0.0
bc05	MHV-wt	MHV-mapped	14.75	15.0	14.875	0	0.0
bc06	MHV-wt	MHV-mapped	-15.0	-14.75	-14.875	0	0.0
bc06	MHV-wt	MHV-mapped	-14.75	-14.5	-14.625	0	0.0
bc06	MHV-wt	MHV-mapped	-14.5	-14.25	-14.375	0	0.0
bc06	MHV-wt	MHV-mapped	-14.25	-14.0	-14.125	2	0.02041024594346362
bc06	MHV-wt	MHV-mapped	-14.0	-13.75	-13.875	0	0.0
bc06	MHV-wt	MHV-mapped	-13.75	-13.5	-13.625	3	0.03061536891519543
bc06	MHV-wt	MHV-mapped	-13.5	-13.25	-13.375	0	0.0
bc06	MHV-wt	MHV-mapped	-13.25	-13.0	-13.125	2	0.02041024594346362
bc06	MHV-wt	MHV-mapped	-13.0	-12.75	-12.875	4	0.04082049188692724
bc06	MHV-wt	MHV-mapped	-12.75	-12.5	-12.625	1	0.01020512297173181
bc06	MHV-wt	MHV-mapped	-12.5	-12.25	-12.375	1	0.01020512297173181
bc06	MHV-wt	MHV-mapped	-12.25	-12.0	-12.125	2	0.02041024594346362
bc06	MHV-wt	MHV-mapped	-12.0	-11.75	-11.875	0	0.0
bc06	MHV-wt	MHV-mapped	-11.75	-11.5	-11.625	1	0.01020512297173181
bc06	MHV-wt	MHV-mapped	-11.5	-11.25	-11.375	2	0.02041024594346362
bc06	MHV-wt	MHV-mapped	-11.25	-11.0	-11.125	2	0.02041024594346362
bc06	MHV-wt	MHV-mapped	-11.0	-10.75	-10.875	7	0.07143586080212266
bc06	MHV-wt	MHV-mapped	-10.75	-10.5	-10.625	4	0.04082049188692724
bc06	MHV-wt	MHV-mapped	-10.5	-10.25	-10.375	4	0.04082049188692724
bc06	MHV-wt	MHV-mapped	-10.25	-10.0	-10.125	8	0.08164098377385448
bc06	MHV-wt	MHV-mapped	-10.0	-9.75	-9.875	5	0.051025614858659044
bc06	MHV-wt	MHV-mapped	-9.75	-9.5	-9.625	14	0.14287172160424533
bc06	MHV-wt	MHV-mapped	-9.5	-9.25	-9.375	13	0.1326665986325135
bc06	MHV-wt	MHV-mapped	-9.25	-9.0	-9.125	12	0.12246147566078172
bc06	MHV-wt	MHV-mapped	-9.0	-8.75	-8.875	14	0.14287172160424533
bc06	MHV-wt	MHV-mapped	-8.75	-8.5	-8.625	17	0.17348709051944075
bc06	MHV-wt	MHV-mapped	-8.5	-8.25	-8.375	23	0.2347178283498316
bc06	MHV-wt	MHV-mapped	-8.25	-8.0	-8.125	28	0.28574344320849066
bc06	MHV-wt	MHV-mapped	-8.0	-7.75	-7.875	38	0.38779467292580877
bc06	MHV-wt	MHV-mapped	-7.75	-7.5	-7.625	46	0.4694356566996632
bc06	MHV-wt	MHV-mapped	-7.5	-7.25	-7.375	52	0.530666394530054
bc06	MHV-wt	MHV-mapped	-7.25	-7.0	-7.125	56	0.5714868864169813
bc06	MHV-wt	MHV-mapped	-7.0	-6.75	-6.875	66	0.6735381161342994
bc06	MHV-wt	MHV-mapped	-6.75	-6.5	-6.625	75	0.7653842228798857
bc06	MHV-wt	MHV-mapped	-6.5	-6.25	-6.375	86	0.8776405755689356
bc06	MHV-wt	MHV-mapped	-6.25	-6.0	-6.125	107	1.0919481579753036
bc06	MHV-wt	MHV-mapped	-6.0	-5.75	-5.875	117	1.1939993876926216
bc06	MHV-wt	MHV-mapped	-5.75	-5.5	-5.625	118	1.2042045106643535
bc06	MHV-wt	MHV-mapped	-5.5	-5.25	-5.375	128	1.3062557403816717
bc06	MHV-wt	MHV-mapped	-5.25	-5.0	-5.125	146	1.4899479538728442
bc06	MHV-wt	MHV-mapped	-5.0	-4.75	-4.875	152	1.551178691703235
bc06	MHV-wt	MHV-mapped	-4.75	-4.5	-4.625	149	1.5205633227880397
bc06	MHV-wt	MHV-mapped	-4.5	-4.25	-4.375	186	1.8981528727421166
bc06	MHV-wt	MHV-mapped	-4.25	-4.0	-4.125	153	1.5613838146749668
bc06	MHV-wt	MHV-mapped	-4.0	-3.75	-3.875	194	1.9797938565159712
bc06	MHV-wt	MHV-mapped	-3.75	-3.5	-3.625	188	1.9185631186855803
bc06	MHV-wt	MHV-mapped	-3.5	-3.25	-3.375	199	2.03081947137463
bc06	MHV-wt	MHV-mapped	-3.25	-3.0	-3.125	203	2.0716399632615574
bc06	MHV-wt	MHV-mapped	-3.0	-2.75	-2.875	219	2.234921930809266
bc06	MHV-wt	MHV-mapped	-2.75	-2.5	-2.625	227	2.316562914583121
bc06	MHV-wt	MHV-mapped	-2.5	-2.25	-2.375	207	2.1124604551484847
bc06	MHV-wt	MHV-mapped	-2.25	-2.0	-2.125	243	2.4798448821308297
bc06	MHV-wt	MHV-mapped	-2.0	-1.75	-1.875	274	2.796203694254516
bc06	MHV-wt	MHV-mapped	-1.75	-1.5	-1.625	237	2.418614144300439
bc06	MHV-wt	MHV-mapped	-1.5	-1.25	-1.375	235	2.398203898356975
bc06	MHV-wt	MHV-mapped	-1.25	-1.0	-1.125	252	2.571690988876416
bc06	MHV-wt	MHV-mapped	-1.0	-0.75	-0.875	279	2.8472293091131746
bc06	MHV-wt	MHV-mapped	-0.75	-0.5	-0.625	285	2.9084600469435657
bc06	MHV-wt	MHV-mapped	-0.5	-0.25	-0.375	311	3.1737932442085928
bc06	MHV-wt	MHV-mapped	-0.25	0.0	-0.125	274	2.796203694254516
bc06	MHV-wt	MHV-mapped	0.0	0.25	0.125	258	2.632921726706807
bc06	MHV-wt	MHV-mapped	0.25	0.5	0.375	300	3.061536891519543
bc06	MHV-wt	MHV-mapped	0.5	0.75	0.625	283	2.8880498010001023
bc06	MHV-wt	MHV-mapped	0.75	1.0	0.875	280	2.8574344320849066
bc06	MHV-wt	MHV-mapped	1.0	1.25	1.125	286	2.9186651699152977
bc06	MHV-wt	MHV-mapped	1.25	1.5	1.375	289	2.949280538830493
bc06	MHV-wt	MHV-mapped	1.5	1.75	1.625	277	2.826819063169711
bc06	MHV-wt	MHV-mapped	1.75	2.0	1.875	246	2.510460251046025
bc06	MHV-wt	MHV-mapped	2.0	2.25	2.125	225	2.296152668639657
bc06	MHV-wt	MHV-mapped	2.25	2.5	2.375	226	2.3063577916113887
bc06	MHV-wt	MHV-mapped	2.5	2.75	2.625	205	2.092050209205021
bc06	MHV-wt	MHV-mapped	2.75	3.0	2.875	168	1.7144606592509442
bc06	MHV-wt	MHV-mapped	3.0	3.25	3.125	178	1.816511888968262
bc06	MHV-wt	MHV-mapped	3.25	3.5	3.375	153	1.5613838146749668
bc06	MHV-wt	MHV-mapped	3.5	3.75	3.625	143	1.4593325849576488
bc06	MHV-wt	MHV-mapped	3.75	4.0	3.875	105	1.07153791203184
bc06	MHV-wt	MHV-mapped	4.0	4.25	4.125	82	0.8368200836820083
bc06	MHV-wt	MHV-mapped	4.25	4.5	4.375	83	0.8470252066537401
bc06	MHV-wt	MHV-mapped	4.5	4.75	4.625	63	0.642922747219104
bc06	MHV-wt	MHV-mapped	4.75	5.0	4.875	67	0.6837432391060313
bc06	MHV-wt	MHV-mapped	5.0	5.25	5.125	43	0.4388202877844678
bc06	MHV-wt	MHV-mapped	5.25	5.5	5.375	44	0.44902541075619956
bc06	MHV-wt	MHV-mapped	5.5	5.75	5.625	26	0.265333197265027
bc06	MHV-wt	MHV-mapped	5.75	6.0	5.875	24	0.24492295132156344
bc06	MHV-wt	MHV-mapped	6.0	6.25	6.125	20	0.20410245943463617
bc06	MHV-wt	MHV-mapped	6.25	6.5	6.375	12	0.12246147566078172
bc06	MHV-wt	MHV-mapped	6.5	6.75	6.625	14	0.14287172160424533
bc06	MHV-wt	MHV-mapped	6.75	7.0	6.875	3	0.03061536891519543
bc06	MHV-wt	MHV-mapped	7.0	7.25	7.125	5	0.051025614858659044
bc06	MHV-wt	MHV-mapped	7.25	7.5	7.375	4	0.04082049188692724
bc06	MHV-wt	MHV-mapped	7.5	7.75	7.625	3	0.03061536891519543
bc06	MHV-wt	MHV-mapped	7.75	8.0	7.875	2	0.02041024594346362
bc06	MHV-wt	MHV-mapped	8.0	8.25	8.125	1	0.01020512297173181
bc06	MHV-wt	MHV-mapped	8.25	8.5	8.375	2	0.02041024594346362
bc06	MHV-wt	MHV-mapped	8.5	8.75	8.625	1	0.01020512297173181
bc06	MHV-wt	MHV-mapped	8.75	9.0	8.875	1	0.01020512297173181
bc06	MHV-wt	MHV-mapped	9.0	9.25	9.125	0	0.0
bc06	MHV-wt	MHV-mapped	9.25	9.5	9.375	0	0.0
bc06	MHV-wt	MHV-mapped	9.5	9.75	9.625	1	0.01020512297173181
bc06	MHV-wt	MHV-mapped	9.75	10.0	9.875	0	0.0
bc06	MHV-wt	MHV-mapped	10.0	10.25	10.125	0	0.0
bc06	MHV-wt	MHV-mapped	10.25	10.5	10.375	0	0.0
bc06	MHV-wt	MHV-mapped	10.5	10.75	10.625	0	0.0
bc06	MHV-wt	MHV-mapped	10.75	11.0	10.875	0	0.0
bc06	MHV-wt	MHV-mapped	11.0	11.25	11.125	0	0.0
bc06	MHV-wt	MHV-mapped	11.25	11.5	11.375	0	0.0
bc06	MHV-wt	MHV-mapped	11.5	11.75	11.625	1	0.01020512297173181
bc06	MHV-wt	MHV-mapped	11.75	12.0	11.875	0	0.0
bc06	MHV-wt	MHV-mapped	12.0	12.25	12.125	0	0.0
bc06	MHV-wt	MHV-mapped	12.25	12.5	12.375	0	0.0
bc06	MHV-wt	MHV-mapped	12.5	12.75	12.625	0	0.0
bc06	MHV-wt	MHV-mapped	12.75	13.0	12.875	0	0.0
bc06	MHV-wt	MHV-mapped	13.0	13.25	13.125	0	0.0
bc06	MHV-wt	MHV-mapped	13.25	13.5	13.375	0	0.0
bc06	MHV-wt	MHV-mapped	13.5	13.75	13.625	0	0.0
bc06	MHV-wt	MHV-mapped	13.75	14.0	13.875	0	0.0
bc06	MHV-wt	MHV-mapped	14.0	14.25	14.125	0	0.0
bc06	MHV-wt	MHV-mapped	14.25	14.5	14.375	0	0.0
bc06	MHV-wt	MHV-mapped	14.5	14.75	14.625	0	0.0
bc06	MHV-wt	MHV-mapped	14.75	15.0	14.875	0	0.0
bc07	MHV-mut	MHV-mapped	-15.0	-14.75	-14.875	0	0.0
bc07	MHV-mut	MHV-mapped	-14.75	-14.5	-14.625	0	0.0
bc07	MHV-mut	MHV-mapped	-14.5	-14.25	-14.375	1	0.007111869710546903
bc07	MHV-mut	MHV-mapped	-14.25	-14.0	-14.125	0	0.0
bc07	MHV-mut	MHV-mapped	-14.0	-13.75	-13.875	0	0.0
bc07	MHV-mut	MHV-mapped	-13.75	-13.5	-13.625	0	0.0
bc07	MHV-mut	MHV-mapped	-13.5	-13.25	-13.375	0	0.0
bc07	MHV-mut	MHV-mapped	-13.25	-13.0	-13.125	0	0.0
bc07	MHV-mut	MHV-mapped	-13.0	-12.75	-12.875	0	0.0
bc07	MHV-mut	MHV-mapped	-12.75	-12.5	-12.625	0	0.0
bc07	MHV-mut	MHV-mapped	-12.5	-12.25	-12.375	0	0.0
bc07	MHV-mut	MHV-mapped	-12.25	-12.0	-12.125	0	0.0
bc07	MHV-mut	MHV-mapped	-12.0	-11.75	-11.875	1	0.007111869710546903
bc07	MHV-mut	MHV-mapped	-11.75	-11.5	-11.625	0	0.0
bc07	MHV-mut	MHV-mapped	-11.5	-11.25	-11.375	0	0.0
bc07	MHV-mut	MHV-mapped	-11.25	-11.0	-11.125	1	0.007111869710546903
bc07	MHV-mut	MHV-mapped	-11.0	-10.75	-10.875	0	0.0
bc07	MHV-mut	MHV-mapped	-10.75	-10.5	-10.625	3	0.02133560913164071
bc07	MHV-mut	MHV-mapped	-10.5	-10.25	-10.375	2	0.014223739421093807
bc07	MHV-mut	MHV-mapped	-10.25	-10.0	-10.125	0	0.0
bc07	MHV-mut	MHV-mapped	-10.0	-9.75	-9.875	1	0.007111869710546903
bc07	MHV-mut	MHV-mapped	-9.75	-9.5	-9.625	2	0.014223739421093807
bc07	MHV-mut	MHV-mapped	-9.5	-9.25	-9.375	0	0.0
bc07	MHV-mut	MHV-mapped	-9.25	-9.0	-9.125	2	0.014223739421093807
bc07	MHV-mut	MHV-mapped	-9.0	-8.75	-8.875	1	0.007111869710546903
bc07	MHV-mut	MHV-mapped	-8.75	-8.5	-8.625	5	0.035559348552734515
bc07	MHV-mut	MHV-mapped	-8.5	-8.25	-8.375	1	0.007111869710546903
bc07	MHV-mut	MHV-mapped	-8.25	-8.0	-8.125	4	0.028447478842187613
bc07	MHV-mut	MHV-mapped	-8.0	-7.75	-7.875	7	0.04978308797382832
bc07	MHV-mut	MHV-mapped	-7.75	-7.5	-7.625	3	0.02133560913164071
bc07	MHV-mut	MHV-mapped	-7.5	-7.25	-7.375	9	0.06400682739492213
bc07	MHV-mut	MHV-mapped	-7.25	-7.0	-7.125	11	0.07823056681601594
bc07	MHV-mut	MHV-mapped	-7.0	-6.75	-6.875	15	0.10667804565820355
bc07	MHV-mut	MHV-mapped	-6.75	-6.5	-6.625	16	0.11378991536875045
bc07	MHV-mut	MHV-mapped	-6.5	-6.25	-6.375	19	0.13512552450039114
bc07	MHV-mut	MHV-mapped	-6.25	-6.0	-6.125	24	0.17068487305312569
bc07	MHV-mut	MHV-mapped	-6.0	-5.75	-5.875	22	0.15646113363203187
bc07	MHV-mut	MHV-mapped	-5.75	-5.5	-5.625	39	0.2773629187113292
bc07	MHV-mut	MHV-mapped	-5.5	-5.25	-5.375	38	0.2702510490007823
bc07	MHV-mut	MHV-mapped	-5.25	-5.0	-5.125	56	0.39826470379062656
bc07	MHV-mut	MHV-mapped	-5.0	-4.75	-4.875	61	0.4338240523433611
bc07	MHV-mut	MHV-mapped	-4.75	-4.5	-4.625	77	0.5476139677121115
bc07	MHV-mut	MHV-mapped	-4.5	-4.25	-4.375	77	0.5476139677121115
bc07	MHV-mut	MHV-mapped	-4.25	-4.0	-4.125	91	0.6471801436597682
bc07	MHV-mut	MHV-mapped	-4.0	-3.75	-3.875	97	0.6898513619230496
bc07	MHV-mut	MHV-mapped	-3.75	-3.5	-3.625	124	0.8818718441078159
bc07	MHV-mut	MHV-mapped	-3.5	-3.25	-3.375	154	1.095227935424223
bc07	MHV-mut	MHV-mapped	-3.25	-3.0	-3.125	165	1.1734585022402388
bc07	MHV-mut	MHV-mapped	-3.0	-2.75	-2.875	169	1.2019059810824266
bc07	MHV-mut	MHV-mapped	-2.75	-2.5	-2.625	232	1.6499537728468814
bc07	MHV-mut	MHV-mapped	-2.5	-2.25	-2.375	195	1.386814593556646
bc07	MHV-mut	MHV-mapped	-2.25	-2.0	-2.125	235	1.6712893819785222
bc07	MHV-mut	MHV-mapped	-2.0	-1.75	-1.875	243	1.7281843396628975
bc07	MHV-mut	MHV-mapped	-1.75	-1.5	-1.625	273	1.9415404309793045
bc07	MHV-mut	MHV-mapped	-1.5	-1.25	-1.375	294	2.090889694900789
bc07	MHV-mut	MHV-mapped	-1.25	-1.0	-1.125	311	2.2117914799800866
bc07	MHV-mut	MHV-mapped	-1.0	-0.75	-0.875	327	2.3255813953488373
bc07	MHV-mut	MHV-mapped	-0.75	-0.5	-0.625	308	2.190455870848446
bc07	MHV-mut	MHV-mapped	-0.5	-0.25	-0.375	353	2.5104900078230568
bc07	MHV-mut	MHV-mapped	-0.25	0.0	-0.125	347	2.467818789559775
bc07	MHV-mut	MHV-mapped	0.0	0.25	0.125	357	2.5389374866652443
bc07	MHV-mut	MHV-mapped	0.25	0.5	0.375	367	2.6100561837707135
bc07	MHV-mut	MHV-mapped	0.5	0.75	0.625	364	2.5887205746390727
bc07	MHV-mut	MHV-mapped	0.75	1.0	0.875	361	2.567384965507432
bc07	MHV-mut	MHV-mapped	1.0	1.25	1.125	390	2.773629187113292
bc07	MHV-mut	MHV-mapped	1.25	1.5	1.375	437	3.1078870635089966
bc07	MHV-mut	MHV-mapped	1.5	1.75	1.625	372	2.645615532323448
bc07	MHV-mut	MHV-mapped	1.75	2.0	1.875	362	2.5744968352179787
bc07	MHV-mut	MHV-mapped	2.0	2.25	2.125	415	2.9514259298769647
bc07	MHV-mut	MHV-mapped	2.25	2.5	2.375	414	2.9443140601664175
bc07	MHV-mut	MHV-mapped	2.5	2.75	2.625	437	3.1078870635089966
bc07	MHV-mut	MHV-mapped	2.75	3.0	2.875	387	2.7522935779816518
bc07	MHV-mut	MHV-mapped	3.0	3.25	3.125	390	2.773629187113292
bc07	MHV-mut	MHV-mapped	3.25	3.5	3.375	387	2.7522935779816518
bc07	MHV-mut	MHV-mapped	3.5	3.75	3.625	345	2.4535950501386816
bc07	MHV-mut	MHV-mapped	3.75	4.0	3.875	378	2.6882867505867294
bc07	MHV-mut	MHV-mapped	4.0	4.25	4.125	373	2.652727402033995
bc07	MHV-mut	MHV-mapped	4.25	4.5	4.375	324	2.3042457862171966
bc07	MHV-mut	MHV-mapped	4.5	4.75	4.625	319	2.2686864376644618
bc07	MHV-mut	MHV-mapped	4.75	5.0	4.875	308	2.190455870848446
bc07	MHV-mut	MHV-mapped	5.0	5.25	5.125	290	2.0624422160586016
bc07	MHV-mut	MHV-mapped	5.25	5.5	5.375	265	1.8846454732949294
bc07	MHV-mut	MHV-mapped	5.5	5.75	5.625	230	1.6357300334257876
bc07	MHV-mut	MHV-mapped	5.75	6.0	5.875	195	1.386814593556646
bc07	MHV-mut	MHV-mapped	6.0	6.25	6.125	204	1.4508214209515682
bc07	MHV-mut	MHV-mapped	6.25	6.5	6.375	173	1.2303534599246142
bc07	MHV-mut	MHV-mapped	6.5	6.75	6.625	145	1.0312211080293008
bc07	MHV-mut	MHV-mapped	6.75	7.0	6.875	132	0.9387668017921912
bc07	MHV-mut	MHV-mapped	7.0	7.25	7.125	114	0.8107531470023469
bc07	MHV-mut	MHV-mapped	7.25	7.5	7.375	86	0.6116207951070336
bc07	MHV-mut	MHV-mapped	7.5	7.75	7.625	75	0.5333902282910177
bc07	MHV-mut	MHV-mapped	7.75	8.0	7.875	71	0.5049427494488301
bc07	MHV-mut	MHV-mapped	8.0	8.25	8.125	43	0.3058103975535168
bc07	MHV-mut	MHV-mapped	8.25	8.5	8.375	26	0.18490861247421947
bc07	MHV-mut	MHV-mapped	8.5	8.75	8.625	22	0.15646113363203187
bc07	MHV-mut	MHV-mapped	8.75	9.0	8.875	18	0.12801365478984425
bc07	MHV-mut	MHV-mapped	9.0	9.25	9.125	15	0.10667804565820355
bc07	MHV-mut	MHV-mapped	9.25	9.5	9.375	12	0.08534243652656284
bc07	MHV-mut	MHV-mapped	9.5	9.75	9.625	9	0.06400682739492213
bc07	MHV-mut	MHV-mapped	9.75	10.0	9.875	4	0.028447478842187613
bc07	MHV-mut	MHV-mapped	10.0	10.25	10.125	5	0.035559348552734515
bc07	MHV-mut	MHV-mapped	10.25	10.5	10.375	8	0.056894957684375226
bc07	MHV-mut	MHV-mapped	10.5	10.75	10.625	5	0.035559348552734515
bc07	MHV-mut	MHV-mapped	10.75	11.0	10.875	2	0.014223739421093807
bc07	MHV-mut	MHV-mapped	11.0	11.25	11.125	0	0.0
bc07	MHV-mut	MHV-mapped	11.25	11.5	11.375	0	0.0
bc07	MHV-mut	MHV-mapped	11.5	11.75	11.625	1	0.007111869710546903
bc07	MHV-mut	MHV-mapped	11.75	12.0	11.875	1	0.007111869710546903
bc07	MHV-mut	MHV-mapped	12.0	12.25	12.125	0	0.0
bc07	MHV-mut	MHV-mapped	12.25	12.5	12.375	0	0.0
bc07	MHV-mut	MHV-mapped	12.5	12.75	12.625	0	0.0
bc07	MHV-mut	MHV-mapped	12.75	13.0	12.875	0	0.0
bc07	MHV-mut	MHV-mapped	13.0	13.25	13.125	0	0.0
bc07	MHV-mut	MHV-mapped	13.25	13.5	13.375	0	0.0
bc07	MHV-mut	MHV-mapped	13.5	13.75	13.625	0	0.0
bc07	MHV-mut	MHV-mapped	13.75	14.0	13.875	1	0.007111869710546903
bc07	MHV-mut	MHV-mapped	14.0	14.25	14.125	0	0.0
bc07	MHV-mut	MHV-mapped	14.25	14.5	14.375	1	0.007111869710546903
bc07	MHV-mut	MHV-mapped	14.5	14.75	14.625	0	0.0
bc07	MHV-mut	MHV-mapped	14.75	15.0	14.875	0	0.0
bc11	MHV-mut	MHV-mapped	-15.0	-14.75	-14.875	1	0.002734556591648664
bc11	MHV-mut	MHV-mapped	-14.75	-14.5	-14.625	0	0.0
bc11	MHV-mut	MHV-mapped	-14.5	-14.25	-14.375	0	0.0
bc11	MHV-mut	MHV-mapped	-14.25	-14.0	-14.125	1	0.002734556591648664
bc11	MHV-mut	MHV-mapped	-14.0	-13.75	-13.875	0	0.0
bc11	MHV-mut	MHV-mapped	-13.75	-13.5	-13.625	2	0.005469113183297328
bc11	MHV-mut	MHV-mapped	-13.5	-13.25	-13.375	1	0.002734556591648664
bc11	MHV-mut	MHV-mapped	-13.25	-13.0	-13.125	0	0.0
bc11	MHV-mut	MHV-mapped	-13.0	-12.75	-12.875	1	0.002734556591648664
bc11	MHV-mut	MHV-mapped	-12.75	-12.5	-12.625	4	0.010938226366594656
bc11	MHV-mut	MHV-mapped	-12.5	-12.25	-12.375	0	0.0
bc11	MHV-mut	MHV-mapped	-12.25	-12.0	-12.125	1	0.002734556591648664
bc11	MHV-mut	MHV-mapped	-12.0	-11.75	-11.875	2	0.005469113183297328
bc11	MHV-mut	MHV-mapped	-11.75	-11.5	-11.625	5	0.013672782958243321
bc11	MHV-mut	MHV-mapped	-11.5	-11.25	-11.375	9	0.02461100932483798
bc11	MHV-mut	MHV-mapped	-11.25	-11.0	-11.125	9	0.02461100932483798
bc11	MHV-mut	MHV-mapped	-11.0	-10.75	-10.875	10	0.027345565916486642
bc11	MHV-mut	MHV-mapped	-10.75	-10.5	-10.625	13	0.03554923569143263
bc11	MHV-mut	MHV-mapped	-10.5	-10.25	-10.375	16	0.043752905466378625
bc11	MHV-mut	MHV-mapped	-10.25	-10.0	-10.125	20	0.054691131832973285
bc11	MHV-mut	MHV-mapped	-10.0	-9.75	-9.875	18	0.04922201864967596
bc11	MHV-mut	MHV-mapped	-9.75	-9.5	-9.625	30	0.08203669774945993
bc11	MHV-mut	MHV-mapped	-9.5	-9.25	-9.375	32	0.08750581093275725
bc11	MHV-mut	MHV-mapped	-9.25	-9.0	-9.125	40	0.10938226366594657
bc11	MHV-mut	MHV-mapped	-9.0	-8.75	-8.875	44	0.12032049003254121
bc11	MHV-mut	MHV-mapped	-8.75	-8.5	-8.625	57	0.15586972572397387
bc11	MHV-mut	MHV-mapped	-8.5	-8.25	-8.375	67	0.18321529164046052
bc11	MHV-mut	MHV-mapped	-8.25	-8.0	-8.125	71	0.19415351800705516
bc11	MHV-mut	MHV-mapped	-8.0	-7.75	-7.875	119	0.32541223440619105
bc11	MHV-mut	MHV-mapped	-7.75	-7.5	-7.625	132	0.3609614700976237
bc11	MHV-mut	MHV-mapped	-7.5	-7.25	-7.375	130	0.35549235691432635
bc11	MHV-mut	MHV-mapped	-7.25	-7.0	-7.125	156	0.42659082829719164
bc11	MHV-mut	MHV-mapped	-7.0	-6.75	-6.875	221	0.6043370067543549
bc11	MHV-mut	MHV-mapped	-6.75	-6.5	-6.625	233	0.6371516858541387
bc11	MHV-mut	MHV-mapped	-6.5	-6.25	-6.375	305	0.8340397604528424
bc11	MHV-mut	MHV-mapped	-6.25	-6.0	-6.125	322	0.8805272225108698
bc11	MHV-mut	MHV-mapped	-6.0	-5.75	-5.875	379	1.0363969482348439
bc11	MHV-mut	MHV-mapped	-5.75	-5.5	-5.625	422	1.1539828816757363
bc11	MHV-mut	MHV-mapped	-5.5	-5.25	-5.375	494	1.35087095627444
bc11	MHV-mut	MHV-mapped	-5.25	-5.0	-5.125	528	1.4438458803904948
bc11	MHV-mut	MHV-mapped	-5.0	-4.75	-4.875	519	1.4192348710656566
bc11	MHV-mut	MHV-mapped	-4.75	-4.5	-4.625	671	1.8348874729962537
bc11	MHV-mut	MHV-mapped	-4.5	-4.25	-4.375	648	1.7719926713883345
bc11	MHV-mut	MHV-mapped	-4.25	-4.0	-4.125	667	1.8239492466296592
bc11	MHV-mut	MHV-mapped	-4.0	-3.75	-3.875	719	1.9661461893953895
bc11	MHV-mut	MHV-mapped	-3.75	-3.5	-3.625	769	2.102874018977823
bc11	MHV-mut	MHV-mapped	-3.5	-3.25	-3.375	842	2.3024966501681754
bc11	MHV-mut	MHV-mapped	-3.25	-3.0	-3.125	824	2.253274631518499
bc11	MHV-mut	MHV-mapped	-3.0	-2.75	-2.875	846	2.3134348765347696
bc11	MHV-mut	MHV-mapped	-2.75	-2.5	-2.625	909	2.4857119418086357
bc11	MHV-mut	MHV-mapped	-2.5	-2.25	-2.375	859	2.3489841122262023
bc11	MHV-mut	MHV-mapped	-2.25	-2.0	-2.125	923	2.523995734091717
bc11	MHV-mut	MHV-mapped	-2.0	-1.75	-1.875	902	2.466570045667095
bc11	MHV-mut	MHV-mapped	-1.75	-1.5	-1.625	813	2.223194509010364
bc11	MHV-mut	MHV-mapped	-1.5	-1.25	-1.375	873	2.3872679045092835
bc11	MHV-mut	MHV-mapped	-1.25	-1.0	-1.125	862	2.3571877820011484
bc11	MHV-mut	MHV-mapped	-1.0	-0.75	-0.875	860	2.3517186688178513
bc11	MHV-mut	MHV-mapped	-0.75	-0.5	-0.625	877	2.3982061308758786
bc11	MHV-mut	MHV-mapped	-0.5	-0.25	-0.375	882	2.411878913834122
bc11	MHV-mut	MHV-mapped	-0.25	0.0	-0.125	945	2.5841559791079876
bc11	MHV-mut	MHV-mapped	0.0	0.25	0.125	885	2.4200825836090676
bc11	MHV-mut	MHV-mapped	0.25	0.5	0.375	879	2.4036752440591758
bc11	MHV-mut	MHV-mapped	0.5	0.75	0.625	904	2.4720391588503925
bc11	MHV-mut	MHV-mapped	0.75	1.0	0.875	899	2.4583663758921492
bc11	MHV-mut	MHV-mapped	1.0	1.25	1.125	892	2.4392244797506084
bc11	MHV-mut	MHV-mapped	1.25	1.5	1.375	857	2.343514999042905
bc11	MHV-mut	MHV-mapped	1.5	1.75	1.625	887	2.425551696792365
bc11	MHV-mut	MHV-mapped	1.75	2.0	1.875	813	2.223194509010364
bc11	MHV-mut	MHV-mapped	2.0	2.25	2.125	835	2.2833547540266346
bc11	MHV-mut	MHV-mapped	2.25	2.5	2.375	758	2.0727938964696877
bc11	MHV-mut	MHV-mapped	2.5	2.75	2.625	812	2.2204599524187154
bc11	MHV-mut	MHV-mapped	2.75	3.0	2.875	747	2.042713773961552
bc11	MHV-mut	MHV-mapped	3.0	3.25	3.125	706	1.930596953703957
bc11	MHV-mut	MHV-mapped	3.25	3.5	3.375	618	1.6899559736388743
bc11	MHV-mut	MHV-mapped	3.5	3.75	3.625	595	1.6270611720309551
bc11	MHV-mut	MHV-mapped	3.75	4.0	3.875	597	1.6325302852142527
bc11	MHV-mut	MHV-mapped	4.0	4.25	4.125	531	1.4520495501654407
bc11	MHV-mut	MHV-mapped	4.25	4.5	4.375	521	1.424703984248954
bc11	MHV-mut	MHV-mapped	4.5	4.75	4.625	468	1.2797724848915748
bc11	MHV-mut	MHV-mapped	4.75	5.0	4.875	433	1.1840630041838716
bc11	MHV-mut	MHV-mapped	5.0	5.25	5.125	349	0.9543602504853838
bc11	MHV-mut	MHV-mapped	5.25	5.5	5.375	279	0.7629412890699773
bc11	MHV-mut	MHV-mapped	5.5	5.75	5.625	253	0.691842817687112
bc11	MHV-mut	MHV-mapped	5.75	6.0	5.875	227	0.6207443463042468
bc11	MHV-mut	MHV-mapped	6.0	6.25	6.125	164	0.44846728103038097
bc11	MHV-mut	MHV-mapped	6.25	6.5	6.375	121	0.3308813475894884
bc11	MHV-mut	MHV-mapped	6.5	6.75	6.625	111	0.3035357816730017
bc11	MHV-mut	MHV-mapped	6.75	7.0	6.875	76	0.2078263009652985
bc11	MHV-mut	MHV-mapped	7.0	7.25	7.125	67	0.18321529164046052
bc11	MHV-mut	MHV-mapped	7.25	7.5	7.375	43	0.11758593344089258
bc11	MHV-mut	MHV-mapped	7.5	7.75	7.625	31	0.08477125434110859
bc11	MHV-mut	MHV-mapped	7.75	8.0	7.875	25	0.0683639147912166
bc11	MHV-mut	MHV-mapped	8.0	8.25	8.125	15	0.041018348874729965
bc11	MHV-mut	MHV-mapped	8.25	8.5	8.375	14	0.0382837922830813
bc11	MHV-mut	MHV-mapped	8.5	8.75	8.625	10	0.027345565916486642
bc11	MHV-mut	MHV-mapped	8.75	9.0	8.875	8	0.021876452733189312
bc11	MHV-mut	MHV-mapped	9.0	9.25	9.125	3	0.008203669774945991
bc11	MHV-mut	MHV-mapped	9.25	9.5	9.375	5	0.013672782958243321
bc11	MHV-mut	MHV-mapped	9.5	9.75	9.625	2	0.005469113183297328
bc11	MHV-mut	MHV-mapped	9.75	10.0	9.875	1	0.002734556591648664
bc11	MHV-mut	MHV-mapped	10.0	10.25	10.125	0	0.0
bc11	MHV-mut	MHV-mapped	10.25	10.5	10.375	2	0.005469113183297328
bc11	MHV-mut	MHV-mapped	10.5	10.75	10.625	4	0.010938226366594656
bc11	MHV-mut	MHV-mapped	10.75	11.0	10.875	3	0.008203669774945991
bc11	MHV-mut	MHV-mapped	11.0	11.25	11.125	3	0.008203669774945991
bc11	MHV-mut	MHV-mapped	11.25	11.5	11.375	1	0.002734556591648664
bc11	MHV-mut	MHV-mapped	11.5	11.75	11.625	0	0.0
bc11	MHV-mut	MHV-mapped	11.75	12.0	11.875	0	0.0
bc11	MHV-mut	MHV-mapped	12.0	12.25	12.125	1	0.002734556591648664
bc11	MHV-mut	MHV-mapped	12.25	12.5	12.375	1	0.002734556591648664
bc11	MHV-mut	MHV-mapped	12.5	12.75	12.625	0	0.0
bc11	MHV-mut	MHV-mapped	12.75	13.0	12.875	1	0.002734556591648664
bc11	MHV-mut	MHV-mapped	13.0	13.25	13.125	0	0.0
bc11	MHV-mut	MHV-mapped	13.25	13.5	13.375	0	0.0
bc11	MHV-mut	MHV-mapped	13.5	13.75	13.625	0	0.0
bc11	MHV-mut	MHV-mapped	13.75	14.0	13.875	0	0.0
bc11	MHV-mut	MHV-mapped	14.0	14.25	14.125	0	0.0
bc11	MHV-mut	MHV-mapped	14.25	14.5	14.375	0	0.0
bc11	MHV-mut	MHV-mapped	14.5	14.75	14.625	0	0.0
bc11	MHV-mut	MHV-mapped	14.75	15.0	14.875	0	0.0
bc04	mock	Host-mapped	-15.0	-14.75	-14.875	2	0.013095861707700367
bc04	mock	Host-mapped	-14.75	-14.5	-14.625	2	0.013095861707700367
bc04	mock	Host-mapped	-14.5	-14.25	-14.375	3	0.01964379256155055
bc04	mock	Host-mapped	-14.25	-14.0	-14.125	1	0.006547930853850184
bc04	mock	Host-mapped	-14.0	-13.75	-13.875	3	0.01964379256155055
bc04	mock	Host-mapped	-13.75	-13.5	-13.625	4	0.026191723415400735
bc04	mock	Host-mapped	-13.5	-13.25	-13.375	1	0.006547930853850184
bc04	mock	Host-mapped	-13.25	-13.0	-13.125	2	0.013095861707700367
bc04	mock	Host-mapped	-13.0	-12.75	-12.875	5	0.03273965426925092
bc04	mock	Host-mapped	-12.75	-12.5	-12.625	4	0.026191723415400735
bc04	mock	Host-mapped	-12.5	-12.25	-12.375	6	0.0392875851231011
bc04	mock	Host-mapped	-12.25	-12.0	-12.125	6	0.0392875851231011
bc04	mock	Host-mapped	-12.0	-11.75	-11.875	6	0.0392875851231011
bc04	mock	Host-mapped	-11.75	-11.5	-11.625	15	0.09821896280775276
bc04	mock	Host-mapped	-11.5	-11.25	-11.375	16	0.10476689366160294
bc04	mock	Host-mapped	-11.25	-11.0	-11.125	15	0.09821896280775276
bc04	mock	Host-mapped	-11.0	-10.75	-10.875	15	0.09821896280775276
bc04	mock	Host-mapped	-10.75	-10.5	-10.625	19	0.12441068622315349
bc04	mock	Host-mapped	-10.5	-10.25	-10.375	25	0.1636982713462546
bc04	mock	Host-mapped	-10.25	-10.0	-10.125	22	0.14405447878470404
bc04	mock	Host-mapped	-10.0	-9.75	-9.875	33	0.21608171817705607
bc04	mock	Host-mapped	-9.75	-9.5	-9.625	49	0.320848611838659
bc04	mock	Host-mapped	-9.5	-9.25	-9.375	60	0.39287585123101104
bc04	mock	Host-mapped	-9.25	-9.0	-9.125	43	0.2815610267155579
bc04	mock	Host-mapped	-9.0	-8.75	-8.875	45	0.29465688842325827
bc04	mock	Host-mapped	-8.75	-8.5	-8.625	75	0.49109481403876376
bc04	mock	Host-mapped	-8.5	-8.25	-8.375	85	0.5565741225772656
bc04	mock	Host-mapped	-8.25	-8.0	-8.125	95	0.6220534311157674
bc04	mock	Host-mapped	-8.0	-7.75	-7.875	96	0.6286013619696176
bc04	mock	Host-mapped	-7.75	-7.5	-7.625	103	0.6744368779465689
bc04	mock	Host-mapped	-7.5	-7.25	-7.375	121	0.7922996333158723
bc04	mock	Host-mapped	-7.25	-7.0	-7.125	161	1.0542168674698795
bc04	mock	Host-mapped	-7.0	-6.75	-6.875	160	1.0476689366160294
bc04	mock	Host-mapped	-6.75	-6.5	-6.625	173	1.1327920377160816
bc04	mock	Host-mapped	-6.5	-6.25	-6.375	174	1.139339968569932
bc04	mock	Host-mapped	-6.25	-6.0	-6.125	227	1.4863803038239916
bc04	mock	Host-mapped	-6.0	-5.75	-5.875	236	1.5453116815086434
bc04	mock	Host-mapped	-5.75	-5.5	-5.625	208	1.3619696176008382
bc04	mock	Host-mapped	-5.5	-5.25	-5.375	226	1.4798323729701415
bc04	mock	Host-mapped	-5.25	-5.0	-5.125	270	1.7679413305395495
bc04	mock	Host-mapped	-5.0	-4.75	-4.875	266	1.7417496071241485
bc04	mock	Host-mapped	-4.75	-4.5	-4.625	283	1.8530644316396019
bc04	mock	Host-mapped	-4.5	-4.25	-4.375	309	2.023310633839707
bc04	mock	Host-mapped	-4.25	-4.0	-4.125	293	1.9185437401781038
bc04	mock	Host-mapped	-4.0	-3.75	-3.875	313	2.049502357255107
bc04	mock	Host-mapped	-3.75	-3.5	-3.625	368	2.4096385542168677
bc04	mock	Host-mapped	-3.5	-3.25	-3.375	327	2.1411733892090097
bc04	mock	Host-mapped	-3.25	-3.0	-3.125	373	2.4423782084861188
bc04	mock	Host-mapped	-3.0	-2.75	-2.875	357	2.3376113148245157
bc04	mock	Host-mapped	-2.75	-2.5	-2.625	356	2.3310633839706654
bc04	mock	Host-mapped	-2.5	-2.25	-2.375	371	2.429282346778418
bc04	mock	Host-mapped	-2.25	-2.0	-2.125	377	2.468569931901519
bc04	mock	Host-mapped	-2.0	-1.75	-1.875	376	2.462022001047669
bc04	mock	Host-mapped	-1.75	-1.5	-1.625	382	2.50130958617077
bc04	mock	Host-mapped	-1.5	-1.25	-1.375	379	2.4816657936092197
bc04	mock	Host-mapped	-1.25	-1.0	-1.125	355	2.324515453116815
bc04	mock	Host-mapped	-1.0	-0.75	-0.875	381	2.49476165531692
bc04	mock	Host-mapped	-0.75	-0.5	-0.625	337	2.206652697747512
bc04	mock	Host-mapped	-0.5	-0.25	-0.375	344	2.252488213724463
bc04	mock	Host-mapped	-0.25	0.0	-0.125	357	2.3376113148245157
bc04	mock	Host-mapped	0.0	0.25	0.125	382	2.50130958617077
bc04	mock	Host-mapped	0.25	0.5	0.375	351	2.2983237297014143
bc04	mock	Host-mapped	0.5	0.75	0.625	329	2.1542692509167103
bc04	mock	Host-mapped	0.75	1.0	0.875	321	2.1018858040859087
bc04	mock	Host-mapped	1.0	1.25	1.125	335	2.193556836039811
bc04	mock	Host-mapped	1.25	1.5	1.375	313	2.049502357255107
bc04	mock	Host-mapped	1.5	1.75	1.625	275	1.8006809848088006
bc04	mock	Host-mapped	1.75	2.0	1.875	267	1.748297537977999
bc04	mock	Host-mapped	2.0	2.25	2.125	285	1.8661602933473025
bc04	mock	Host-mapped	2.25	2.5	2.375	248	1.6238868517548455
bc04	mock	Host-mapped	2.5	2.75	2.625	239	1.5649554740701936
bc04	mock	Host-mapped	2.75	3.0	2.875	222	1.4536406495547407
bc04	mock	Host-mapped	3.0	3.25	3.125	216	1.4143530644316398
bc04	mock	Host-mapped	3.25	3.5	3.375	187	1.2244630696699843
bc04	mock	Host-mapped	3.5	3.75	3.625	186	1.217915138816134
bc04	mock	Host-mapped	3.75	4.0	3.875	147	0.9625458355159769
bc04	mock	Host-mapped	4.0	4.25	4.125	148	0.9690937663698271
bc04	mock	Host-mapped	4.25	4.5	4.375	143	0.9363541121005762
bc04	mock	Host-mapped	4.5	4.75	4.625	152	0.9952854897852279
bc04	mock	Host-mapped	4.75	5.0	4.875	114	0.7464641173389209
bc04	mock	Host-mapped	5.0	5.25	5.125	94	0.6155055002619173
bc04	mock	Host-mapped	5.25	5.5	5.375	90	0.5893137768465165
bc04	mock	Host-mapped	5.5	5.75	5.625	80	0.5238344683080147
bc04	mock	Host-mapped	5.75	6.0	5.875	78	0.5107386066003143
bc04	mock	Host-mapped	6.0	6.25	6.125	70	0.45835515976951285
bc04	mock	Host-mapped	6.25	6.5	6.375	44	0.2881089575694081
bc04	mock	Host-mapped	6.5	6.75	6.625	41	0.26846516500785755
bc04	mock	Host-mapped	6.75	7.0	6.875	35	0.22917757988475643
bc04	mock	Host-mapped	7.0	7.25	7.125	28	0.18334206390780514
bc04	mock	Host-mapped	7.25	7.5	7.375	15	0.09821896280775276
bc04	mock	Host-mapped	7.5	7.75	7.625	22	0.14405447878470404
bc04	mock	Host-mapped	7.75	8.0	7.875	18	0.11786275536930331
bc04	mock	Host-mapped	8.0	8.25	8.125	10	0.06547930853850184
bc04	mock	Host-mapped	8.25	8.5	8.375	12	0.0785751702462022
bc04	mock	Host-mapped	8.5	8.75	8.625	12	0.0785751702462022
bc04	mock	Host-mapped	8.75	9.0	8.875	9	0.058931377684651655
bc04	mock	Host-mapped	9.0	9.25	9.125	7	0.045835515976951284
bc04	mock	Host-mapped	9.25	9.5	9.375	3	0.01964379256155055
bc04	mock	Host-mapped	9.5	9.75	9.625	1	0.006547930853850184
bc04	mock	Host-mapped	9.75	10.0	9.875	3	0.01964379256155055
bc04	mock	Host-mapped	10.0	10.25	10.125	0	0.0
bc04	mock	Host-mapped	10.25	10.5	10.375	2	0.013095861707700367
bc04	mock	Host-mapped	10.5	10.75	10.625	3	0.01964379256155055
bc04	mock	Host-mapped	10.75	11.0	10.875	0	0.0
bc04	mock	Host-mapped	11.0	11.25	11.125	0	0.0
bc04	mock	Host-mapped	11.25	11.5	11.375	1	0.006547930853850184
bc04	mock	Host-mapped	11.5	11.75	11.625	1	0.006547930853850184
bc04	mock	Host-mapped	11.75	12.0	11.875	0	0.0
bc04	mock	Host-mapped	12.0	12.25	12.125	0	0.0
bc04	mock	Host-mapped	12.25	12.5	12.375	0	0.0
bc04	mock	Host-mapped	12.5	12.75	12.625	2	0.013095861707700367
bc04	mock	Host-mapped	12.75	13.0	12.875	1	0.006547930853850184
bc04	mock	Host-mapped	13.0	13.25	13.125	0	0.0
bc04	mock	Host-mapped	13.25	13.5	13.375	0	0.0
bc04	mock	Host-mapped	13.5	13.75	13.625	0	0.0
bc04	mock	Host-mapped	13.75	14.0	13.875	0	0.0
bc04	mock	Host-mapped	14.0	14.25	14.125	1	0.006547930853850184
bc04	mock	Host-mapped	14.25	14.5	14.375	0	0.0
bc04	mock	Host-mapped	14.5	14.75	14.625	1	0.006547930853850184
bc04	mock	Host-mapped	14.75	15.0	14.875	0	0.0
bc05	MHV-wt	Host-mapped	-15.0	-14.75	-14.875	0	0.0
bc05	MHV-wt	Host-mapped	-14.75	-14.5	-14.625	0	0.0
bc05	MHV-wt	Host-mapped	-14.5	-14.25	-14.375	1	0.012075836251660426
bc05	MHV-wt	Host-mapped	-14.25	-14.0	-14.125	0	0.0
bc05	MHV-wt	Host-mapped	-14.0	-13.75	-13.875	0	0.0
bc05	MHV-wt	Host-mapped	-13.75	-13.5	-13.625	0	0.0
bc05	MHV-wt	Host-mapped	-13.5	-13.25	-13.375	1	0.012075836251660426
bc05	MHV-wt	Host-mapped	-13.25	-13.0	-13.125	0	0.0
bc05	MHV-wt	Host-mapped	-13.0	-12.75	-12.875	0	0.0
bc05	MHV-wt	Host-mapped	-12.75	-12.5	-12.625	2	0.024151672503320853
bc05	MHV-wt	Host-mapped	-12.5	-12.25	-12.375	2	0.024151672503320853
bc05	MHV-wt	Host-mapped	-12.25	-12.0	-12.125	1	0.012075836251660426
bc05	MHV-wt	Host-mapped	-12.0	-11.75	-11.875	1	0.012075836251660426
bc05	MHV-wt	Host-mapped	-11.75	-11.5	-11.625	1	0.012075836251660426
bc05	MHV-wt	Host-mapped	-11.5	-11.25	-11.375	1	0.012075836251660426
bc05	MHV-wt	Host-mapped	-11.25	-11.0	-11.125	1	0.012075836251660426
bc05	MHV-wt	Host-mapped	-11.0	-10.75	-10.875	2	0.024151672503320853
bc05	MHV-wt	Host-mapped	-10.75	-10.5	-10.625	1	0.012075836251660426
bc05	MHV-wt	Host-mapped	-10.5	-10.25	-10.375	4	0.048303345006641706
bc05	MHV-wt	Host-mapped	-10.25	-10.0	-10.125	6	0.07245501750996257
bc05	MHV-wt	Host-mapped	-10.0	-9.75	-9.875	4	0.048303345006641706
bc05	MHV-wt	Host-mapped	-9.75	-9.5	-9.625	5	0.06037918125830214
bc05	MHV-wt	Host-mapped	-9.5	-9.25	-9.375	4	0.048303345006641706
bc05	MHV-wt	Host-mapped	-9.25	-9.0	-9.125	7	0.08453085376162299
bc05	MHV-wt	Host-mapped	-9.0	-8.75	-8.875	13	0.15698587127158556
bc05	MHV-wt	Host-mapped	-8.75	-8.5	-8.625	13	0.15698587127158556
bc05	MHV-wt	Host-mapped	-8.5	-8.25	-8.375	11	0.13283419876826472
bc05	MHV-wt	Host-mapped	-8.25	-8.0	-8.125	27	0.32604757879483154
bc05	MHV-wt	Host-mapped	-8.0	-7.75	-7.875	25	0.3018959062915107
bc05	MHV-wt	Host-mapped	-7.75	-7.5	-7.625	25	0.3018959062915107
bc05	MHV-wt	Host-mapped	-7.5	-7.25	-7.375	30	0.3622750875498128
bc05	MHV-wt	Host-mapped	-7.25	-7.0	-7.125	39	0.47095761381475665
bc05	MHV-wt	Host-mapped	-7.0	-6.75	-6.875	54	0.6520951575896631
bc05	MHV-wt	Host-mapped	-6.75	-6.5	-6.625	59	0.7124743388479652
bc05	MHV-wt	Host-mapped	-6.5	-6.25	-6.375	56	0.6762468300929839
bc05	MHV-wt	Host-mapped	-6.25	-6.0	-6.125	60	0.7245501750996256
bc05	MHV-wt	Host-mapped	-6.0	-5.75	-5.875	68	0.8211568651129091
bc05	MHV-wt	Host-mapped	-5.75	-5.5	-5.625	92	1.1109769351527594
bc05	MHV-wt	Host-mapped	-5.5	-5.25	-5.375	109	1.3162661514309866
bc05	MHV-wt	Host-mapped	-5.25	-5.0	-5.125	140	1.69061707523246
bc05	MHV-wt	Host-mapped	-5.0	-4.75	-4.875	100	1.2075836251660428
bc05	MHV-wt	Host-mapped	-4.75	-4.5	-4.625	104	1.2558869701726845
bc05	MHV-wt	Host-mapped	-4.5	-4.25	-4.375	136	1.6423137302258182
bc05	MHV-wt	Host-mapped	-4.25	-4.0	-4.125	149	1.7992996014974036
bc05	MHV-wt	Host-mapped	-4.0	-3.75	-3.875	155	1.8717546190073664
bc05	MHV-wt	Host-mapped	-3.75	-3.5	-3.625	166	2.0045888177756312
bc05	MHV-wt	Host-mapped	-3.5	-3.25	-3.375	170	2.0528921627822725
bc05	MHV-wt	Host-mapped	-3.25	-3.0	-3.125	189	2.2823330515638207
bc05	MHV-wt	Host-mapped	-3.0	-2.75	-2.875	209	2.523849776597029
bc05	MHV-wt	Host-mapped	-2.75	-2.5	-2.625	195	2.3547880690737837
bc05	MHV-wt	Host-mapped	-2.5	-2.25	-2.375	199	2.403091414080425
bc05	MHV-wt	Host-mapped	-2.25	-2.0	-2.125	194	2.342712232822123
bc05	MHV-wt	Host-mapped	-2.0	-1.75	-1.875	251	3.0310348991667673
bc05	MHV-wt	Host-mapped	-1.75	-1.5	-1.625	200	2.4151672503320856
bc05	MHV-wt	Host-mapped	-1.5	-1.25	-1.375	220	2.656683975365294
bc05	MHV-wt	Host-mapped	-1.25	-1.0	-1.125	212	2.5600772853520106
bc05	MHV-wt	Host-mapped	-1.0	-0.75	-0.875	228	2.7532906653785774
bc05	MHV-wt	Host-mapped	-0.75	-0.5	-0.625	219	2.6446081391136333
bc05	MHV-wt	Host-mapped	-0.5	-0.25	-0.375	232	2.801594010385219
bc05	MHV-wt	Host-mapped	-0.25	0.0	-0.125	258	3.11556575292839
bc05	MHV-wt	Host-mapped	0.0	0.25	0.125	227	2.7412148291269167
bc05	MHV-wt	Host-mapped	0.25	0.5	0.375	211	2.54800144910035
bc05	MHV-wt	Host-mapped	0.5	0.75	0.625	192	2.318560560318802
bc05	MHV-wt	Host-mapped	0.75	1.0	0.875	219	2.6446081391136333
bc05	MHV-wt	Host-mapped	1.0	1.25	1.125	199	2.403091414080425
bc05	MHV-wt	Host-mapped	1.25	1.5	1.375	189	2.2823330515638207
bc05	MHV-wt	Host-mapped	1.5	1.75	1.625	205	2.475546431590388
bc05	MHV-wt	Host-mapped	1.75	2.0	1.875	198	2.3910155778287647
bc05	MHV-wt	Host-mapped	2.0	2.25	2.125	158	1.9079821277623477
bc05	MHV-wt	Host-mapped	2.25	2.5	2.375	167	2.0166646540272914
bc05	MHV-wt	Host-mapped	2.5	2.75	2.625	170	2.0528921627822725
bc05	MHV-wt	Host-mapped	2.75	3.0	2.875	131	1.581934548967516
bc05	MHV-wt	Host-mapped	3.0	3.25	3.125	136	1.6423137302258182
bc05	MHV-wt	Host-mapped	3.25	3.5	3.375	145	1.7509962564907622
bc05	MHV-wt	Host-mapped	3.5	3.75	3.625	134	1.6181620577224973
bc05	MHV-wt	Host-mapped	3.75	4.0	3.875	92	1.1109769351527594
bc05	MHV-wt	Host-mapped	4.0	4.25	4.125	106	1.2800386426760053
bc05	MHV-wt	Host-mapped	4.25	4.5	4.375	100	1.2075836251660428
bc05	MHV-wt	Host-mapped	4.5	4.75	4.625	96	1.159280280159401
bc05	MHV-wt	Host-mapped	4.75	5.0	4.875	92	1.1109769351527594
bc05	MHV-wt	Host-mapped	5.0	5.25	5.125	63	0.760777683854607
bc05	MHV-wt	Host-mapped	5.25	5.5	5.375	55	0.6641709938413235
bc05	MHV-wt	Host-mapped	5.5	5.75	5.625	52	0.6279434850863422
bc05	MHV-wt	Host-mapped	5.75	6.0	5.875	37	0.44680594131143575
bc05	MHV-wt	Host-mapped	6.0	6.25	6.125	42	0.5071851225697379
bc05	MHV-wt	Host-mapped	6.25	6.5	6.375	41	0.4951092863180775
bc05	MHV-wt	Host-mapped	6.5	6.75	6.625	28	0.33812341504649196
bc05	MHV-wt	Host-mapped	6.75	7.0	6.875	28	0.33812341504649196
bc05	MHV-wt	Host-mapped	7.0	7.25	7.125	22	0.26566839753652943
bc05	MHV-wt	Host-mapped	7.25	7.5	7.375	22	0.26566839753652943
bc05	MHV-wt	Host-mapped	7.5	7.75	7.625	16	0.19321338002656682
bc05	MHV-wt	Host-mapped	7.75	8.0	7.875	12	0.14491003501992514
bc05	MHV-wt	Host-mapped	8.0	8.25	8.125	8	0.09660669001328341
bc05	MHV-wt	Host-mapped	8.25	8.5	8.375	6	0.07245501750996257
bc05	MHV-wt	Host-mapped	8.5	8.75	8.625	5	0.06037918125830214
bc05	MHV-wt	Host-mapped	8.75	9.0	8.875	5	0.06037918125830214
bc05	MHV-wt	Host-mapped	9.0	9.25	9.125	5	0.06037918125830214
bc05	MHV-wt	Host-mapped	9.25	9.5	9.375	3	0.036227508754981284
bc05	MHV-wt	Host-mapped	9.5	9.75	9.625	0	0.0
bc05	MHV-wt	Host-mapped	9.75	10.0	9.875	1	0.012075836251660426
bc05	MHV-wt	Host-mapped	10.0	10.25	10.125	2	0.024151672503320853
bc05	MHV-wt	Host-mapped	10.25	10.5	10.375	0	0.0
bc05	MHV-wt	Host-mapped	10.5	10.75	10.625	0	0.0
bc05	MHV-wt	Host-mapped	10.75	11.0	10.875	0	0.0
bc05	MHV-wt	Host-mapped	11.0	11.25	11.125	2	0.024151672503320853
bc05	MHV-wt	Host-mapped	11.25	11.5	11.375	0	0.0
bc05	MHV-wt	Host-mapped	11.5	11.75	11.625	0	0.0
bc05	MHV-wt	Host-mapped	11.75	12.0	11.875	3	0.036227508754981284
bc05	MHV-wt	Host-mapped	12.0	12.25	12.125	1	0.012075836251660426
bc05	MHV-wt	Host-mapped	12.25	12.5	12.375	0	0.0
bc05	MHV-wt	Host-mapped	12.5	12.75	12.625	0	0.0
bc05	MHV-wt	Host-mapped	12.75	13.0	12.875	0	0.0
bc05	MHV-wt	Host-mapped	13.0	13.25	13.125	0	0.0
bc05	MHV-wt	Host-mapped	13.25	13.5	13.375	0	0.0
bc05	MHV-wt	Host-mapped	13.5	13.75	13.625	0	0.0
bc05	MHV-wt	Host-mapped	13.75	14.0	13.875	0	0.0
bc05	MHV-wt	Host-mapped	14.0	14.25	14.125	0	0.0
bc05	MHV-wt	Host-mapped	14.25	14.5	14.375	0	0.0
bc05	MHV-wt	Host-mapped	14.5	14.75	14.625	0	0.0
bc05	MHV-wt	Host-mapped	14.75	15.0	14.875	0	0.0
bc06	MHV-wt	Host-mapped	-15.0	-14.75	-14.875	0	0.0
bc06	MHV-wt	Host-mapped	-14.75	-14.5	-14.625	1	0.010309278350515464
bc06	MHV-wt	Host-mapped	-14.5	-14.25	-14.375	0	0.0
bc06	MHV-wt	Host-mapped	-14.25	-14.0	-14.125	0	0.0
bc06	MHV-wt	Host-mapped	-14.0	-13.75	-13.875	0	0.0
bc06	MHV-wt	Host-mapped	-13.75	-13.5	-13.625	0	0.0
bc06	MHV-wt	Host-mapped	-13.5	-13.25	-13.375	4	0.041237113402061855
bc06	MHV-wt	Host-mapped	-13.25	-13.0	-13.125	1	0.010309278350515464
bc06	MHV-wt	Host-mapped	-13.0	-12.75	-12.875	1	0.010309278350515464
bc06	MHV-wt	Host-mapped	-12.75	-12.5	-12.625	2	0.020618556701030927
bc06	MHV-wt	Host-mapped	-12.5	-12.25	-12.375	2	0.020618556701030927
bc06	MHV-wt	Host-mapped	-12.25	-12.0	-12.125	4	0.041237113402061855
bc06	MHV-wt	Host-mapped	-12.0	-11.75	-11.875	6	0.06185567010309278
bc06	MHV-wt	Host-mapped	-11.75	-11.5	-11.625	2	0.020618556701030927
bc06	MHV-wt	Host-mapped	-11.5	-11.25	-11.375	6	0.06185567010309278
bc06	MHV-wt	Host-mapped	-11.25	-11.0	-11.125	7	0.07216494845360824
bc06	MHV-wt	Host-mapped	-11.0	-10.75	-10.875	6	0.06185567010309278
bc06	MHV-wt	Host-mapped	-10.75	-10.5	-10.625	10	0.10309278350515465
bc06	MHV-wt	Host-mapped	-10.5	-10.25	-10.375	7	0.07216494845360824
bc06	MHV-wt	Host-mapped	-10.25	-10.0	-10.125	15	0.15463917525773196
bc06	MHV-wt	Host-mapped	-10.0	-9.75	-9.875	17	0.17525773195876287
bc06	MHV-wt	Host-mapped	-9.75	-9.5	-9.625	16	0.16494845360824742
bc06	MHV-wt	Host-mapped	-9.5	-9.25	-9.375	29	0.29896907216494845
bc06	MHV-wt	Host-mapped	-9.25	-9.0	-9.125	20	0.2061855670103093
bc06	MHV-wt	Host-mapped	-9.0	-8.75	-8.875	32	0.32989690721649484
bc06	MHV-wt	Host-mapped	-8.75	-8.5	-8.625	31	0.31958762886597936
bc06	MHV-wt	Host-mapped	-8.5	-8.25	-8.375	27	0.27835051546391754
bc06	MHV-wt	Host-mapped	-8.25	-8.0	-8.125	58	0.5979381443298969
bc06	MHV-wt	Host-mapped	-8.0	-7.75	-7.875	51	0.5257731958762887
bc06	MHV-wt	Host-mapped	-7.75	-7.5	-7.625	59	0.6082474226804124
bc06	MHV-wt	Host-mapped	-7.5	-7.25	-7.375	67	0.6907216494845361
bc06	MHV-wt	Host-mapped	-7.25	-7.0	-7.125	60	0.6185567010309279
bc06	MHV-wt	Host-mapped	-7.0	-6.75	-6.875	70	0.7216494845360825
bc06	MHV-wt	Host-mapped	-6.75	-6.5	-6.625	86	0.8865979381443299
bc06	MHV-wt	Host-mapped	-6.5	-6.25	-6.375	103	1.0618556701030928
bc06	MHV-wt	Host-mapped	-6.25	-6.0	-6.125	92	0.9484536082474228
bc06	MHV-wt	Host-mapped	-6.0	-5.75	-5.875	103	1.0618556701030928
bc06	MHV-wt	Host-mapped	-5.75	-5.5	-5.625	118	1.2164948453608249
bc06	MHV-wt	Host-mapped	-5.5	-5.25	-5.375	121	1.2474226804123711
bc06	MHV-wt	Host-mapped	-5.25	-5.0	-5.125	164	1.6907216494845363
bc06	MHV-wt	Host-mapped	-5.0	-4.75	-4.875	151	1.556701030927835
bc06	MHV-wt	Host-mapped	-4.75	-4.5	-4.625	189	1.9484536082474226
bc06	MHV-wt	Host-mapped	-4.5	-4.25	-4.375	167	1.7216494845360826
bc06	MHV-wt	Host-mapped	-4.25	-4.0	-4.125	179	1.845360824742268
bc06	MHV-wt	Host-mapped	-4.0	-3.75	-3.875	194	2.0
bc06	MHV-wt	Host-mapped	-3.75	-3.5	-3.625	184	1.8969072164948455
bc06	MHV-wt	Host-mapped	-3.5	-3.25	-3.375	197	2.0309278350515463
bc06	MHV-wt	Host-mapped	-3.25	-3.0	-3.125	173	1.7835051546391751
bc06	MHV-wt	Host-mapped	-3.0	-2.75	-2.875	202	2.082474226804124
bc06	MHV-wt	Host-mapped	-2.75	-2.5	-2.625	188	1.9381443298969074
bc06	MHV-wt	Host-mapped	-2.5	-2.25	-2.375	232	2.3917525773195876
bc06	MHV-wt	Host-mapped	-2.25	-2.0	-2.125	239	2.463917525773196
bc06	MHV-wt	Host-mapped	-2.0	-1.75	-1.875	238	2.4536082474226806
bc06	MHV-wt	Host-mapped	-1.75	-1.5	-1.625	217	2.2371134020618557
bc06	MHV-wt	Host-mapped	-1.5	-1.25	-1.375	263	2.711340206185567
bc06	MHV-wt	Host-mapped	-1.25	-1.0	-1.125	222	2.2886597938144333
bc06	MHV-wt	Host-mapped	-1.0	-0.75	-0.875	273	2.814432989690722
bc06	MHV-wt	Host-mapped	-0.75	-0.5	-0.625	249	2.5670103092783507
bc06	MHV-wt	Host-mapped	-0.5	-0.25	-0.375	275	2.8350515463917527
bc06	MHV-wt	Host-mapped	-0.25	0.0	-0.125	261	2.690721649484536
bc06	MHV-wt	Host-mapped	0.0	0.25	0.125	274	2.824742268041237
bc06	MHV-wt	Host-mapped	0.25	0.5	0.375	252	2.597938144329897
bc06	MHV-wt	Host-mapped	0.5	0.75	0.625	284	2.9278350515463916
bc06	MHV-wt	Host-mapped	0.75	1.0	0.875	244	2.515463917525773
bc06	MHV-wt	Host-mapped	1.0	1.25	1.125	266	2.7422680412371134
bc06	MHV-wt	Host-mapped	1.25	1.5	1.375	252	2.597938144329897
bc06	MHV-wt	Host-mapped	1.5	1.75	1.625	256	2.6391752577319587
bc06	MHV-wt	Host-mapped	1.75	2.0	1.875	230	2.3711340206185567
bc06	MHV-wt	Host-mapped	2.0	2.25	2.125	237	2.4432989690721647
bc06	MHV-wt	Host-mapped	2.25	2.5	2.375	204	2.1030927835051547
bc06	MHV-wt	Host-mapped	2.5	2.75	2.625	221	2.2783505154639174
bc06	MHV-wt	Host-mapped	2.75	3.0	2.875	196	2.020618556701031
bc06	MHV-wt	Host-mapped	3.0	3.25	3.125	160	1.6494845360824744
bc06	MHV-wt	Host-mapped	3.25	3.5	3.375	162	1.670103092783505
bc06	MHV-wt	Host-mapped	3.5	3.75	3.625	129	1.3298969072164948
bc06	MHV-wt	Host-mapped	3.75	4.0	3.875	115	1.1855670103092784
bc06	MHV-wt	Host-mapped	4.0	4.25	4.125	81	0.8350515463917525
bc06	MHV-wt	Host-mapped	4.25	4.5	4.375	87	0.8969072164948454
bc06	MHV-wt	Host-mapped	4.5	4.75	4.625	69	0.711340206185567
bc06	MHV-wt	Host-mapped	4.75	5.0	4.875	56	0.5773195876288659
bc06	MHV-wt	Host-mapped	5.0	5.25	5.125	45	0.4639175257731959
bc06	MHV-wt	Host-mapped	5.25	5.5	5.375	43	0.44329896907216493
bc06	MHV-wt	Host-mapped	5.5	5.75	5.625	23	0.2371134020618557
bc06	MHV-wt	Host-mapped	5.75	6.0	5.875	28	0.28865979381443296
bc06	MHV-wt	Host-mapped	6.0	6.25	6.125	15	0.15463917525773196
bc06	MHV-wt	Host-mapped	6.25	6.5	6.375	12	0.12371134020618556
bc06	MHV-wt	Host-mapped	6.5	6.75	6.625	10	0.10309278350515465
bc06	MHV-wt	Host-mapped	6.75	7.0	6.875	6	0.06185567010309278
bc06	MHV-wt	Host-mapped	7.0	7.25	7.125	10	0.10309278350515465
bc06	MHV-wt	Host-mapped	7.25	7.5	7.375	4	0.041237113402061855
bc06	MHV-wt	Host-mapped	7.5	7.75	7.625	8	0.08247422680412371
bc06	MHV-wt	Host-mapped	7.75	8.0	7.875	2	0.020618556701030927
bc06	MHV-wt	Host-mapped	8.0	8.25	8.125	4	0.041237113402061855
bc06	MHV-wt	Host-mapped	8.25	8.5	8.375	2	0.020618556701030927
bc06	MHV-wt	Host-mapped	8.5	8.75	8.625	2	0.020618556701030927
bc06	MHV-wt	Host-mapped	8.75	9.0	8.875	3	0.03092783505154639
bc06	MHV-wt	Host-mapped	9.0	9.25	9.125	0	0.0
bc06	MHV-wt	Host-mapped	9.25	9.5	9.375	1	0.010309278350515464
bc06	MHV-wt	Host-mapped	9.5	9.75	9.625	1	0.010309278350515464
bc06	MHV-wt	Host-mapped	9.75	10.0	9.875	1	0.010309278350515464
bc06	MHV-wt	Host-mapped	10.0	10.25	10.125	0	0.0
bc06	MHV-wt	Host-mapped	10.25	10.5	10.375	1	0.010309278350515464
bc06	MHV-wt	Host-mapped	10.5	10.75	10.625	1	0.010309278350515464
bc06	MHV-wt	Host-mapped	10.75	11.0	10.875	0	0.0
bc06	MHV-wt	Host-mapped	11.0	11.25	11.125	0	0.0
bc06	MHV-wt	Host-mapped	11.25	11.5	11.375	1	0.010309278350515464
bc06	MHV-wt	Host-mapped	11.5	11.75	11.625	1	0.010309278350515464
bc06	MHV-wt	Host-mapped	11.75	12.0	11.875	1	0.010309278350515464
bc06	MHV-wt	Host-mapped	12.0	12.25	12.125	0	0.0
bc06	MHV-wt	Host-mapped	12.25	12.5	12.375	0	0.0
bc06	MHV-wt	Host-mapped	12.5	12.75	12.625	1	0.010309278350515464
bc06	MHV-wt	Host-mapped	12.75	13.0	12.875	0	0.0
bc06	MHV-wt	Host-mapped	13.0	13.25	13.125	0	0.0
bc06	MHV-wt	Host-mapped	13.25	13.5	13.375	1	0.010309278350515464
bc06	MHV-wt	Host-mapped	13.5	13.75	13.625	0	0.0
bc06	MHV-wt	Host-mapped	13.75	14.0	13.875	1	0.010309278350515464
bc06	MHV-wt	Host-mapped	14.0	14.25	14.125	0	0.0
bc06	MHV-wt	Host-mapped	14.25	14.5	14.375	1	0.010309278350515464
bc06	MHV-wt	Host-mapped	14.5	14.75	14.625	1	0.010309278350515464
bc06	MHV-wt	Host-mapped	14.75	15.0	14.875	0	0.0
bc07	MHV-mut	Host-mapped	-15.0	-14.75	-14.875	0	0.0
bc07	MHV-mut	Host-mapped	-14.75	-14.5	-14.625	0	0.0
bc07	MHV-mut	Host-mapped	-14.5	-14.25	-14.375	0	0.0
bc07	MHV-mut	Host-mapped	-14.25	-14.0	-14.125	0	0.0
bc07	MHV-mut	Host-mapped	-14.0	-13.75	-13.875	1	0.011737089201877934
bc07	MHV-mut	Host-mapped	-13.75	-13.5	-13.625	1	0.011737089201877934
bc07	MHV-mut	Host-mapped	-13.5	-13.25	-13.375	1	0.011737089201877934
bc07	MHV-mut	Host-mapped	-13.25	-13.0	-13.125	0	0.0
bc07	MHV-mut	Host-mapped	-13.0	-12.75	-12.875	0	0.0
bc07	MHV-mut	Host-mapped	-12.75	-12.5	-12.625	0	0.0
bc07	MHV-mut	Host-mapped	-12.5	-12.25	-12.375	0	0.0
bc07	MHV-mut	Host-mapped	-12.25	-12.0	-12.125	0	0.0
bc07	MHV-mut	Host-mapped	-12.0	-11.75	-11.875	0	0.0
bc07	MHV-mut	Host-mapped	-11.75	-11.5	-11.625	0	0.0
bc07	MHV-mut	Host-mapped	-11.5	-11.25	-11.375	0	0.0
bc07	MHV-mut	Host-mapped	-11.25	-11.0	-11.125	0	0.0
bc07	MHV-mut	Host-mapped	-11.0	-10.75	-10.875	0	0.0
bc07	MHV-mut	Host-mapped	-10.75	-10.5	-10.625	2	0.023474178403755867
bc07	MHV-mut	Host-mapped	-10.5	-10.25	-10.375	0	0.0
bc07	MHV-mut	Host-mapped	-10.25	-10.0	-10.125	0	0.0
bc07	MHV-mut	Host-mapped	-10.0	-9.75	-9.875	0	0.0
bc07	MHV-mut	Host-mapped	-9.75	-9.5	-9.625	2	0.023474178403755867
bc07	MHV-mut	Host-mapped	-9.5	-9.25	-9.375	2	0.023474178403755867
bc07	MHV-mut	Host-mapped	-9.25	-9.0	-9.125	3	0.035211267605633804
bc07	MHV-mut	Host-mapped	-9.0	-8.75	-8.875	5	0.05868544600938967
bc07	MHV-mut	Host-mapped	-8.75	-8.5	-8.625	6	0.07042253521126761
bc07	MHV-mut	Host-mapped	-8.5	-8.25	-8.375	4	0.046948356807511735
bc07	MHV-mut	Host-mapped	-8.25	-8.0	-8.125	3	0.035211267605633804
bc07	MHV-mut	Host-mapped	-8.0	-7.75	-7.875	3	0.035211267605633804
bc07	MHV-mut	Host-mapped	-7.75	-7.5	-7.625	2	0.023474178403755867
bc07	MHV-mut	Host-mapped	-7.5	-7.25	-7.375	12	0.14084507042253522
bc07	MHV-mut	Host-mapped	-7.25	-7.0	-7.125	10	0.11737089201877934
bc07	MHV-mut	Host-mapped	-7.0	-6.75	-6.875	7	0.08215962441314553
bc07	MHV-mut	Host-mapped	-6.75	-6.5	-6.625	8	0.09389671361502347
bc07	MHV-mut	Host-mapped	-6.5	-6.25	-6.375	11	0.12910798122065728
bc07	MHV-mut	Host-mapped	-6.25	-6.0	-6.125	21	0.24647887323943662
bc07	MHV-mut	Host-mapped	-6.0	-5.75	-5.875	13	0.15258215962441316
bc07	MHV-mut	Host-mapped	-5.75	-5.5	-5.625	16	0.18779342723004694
bc07	MHV-mut	Host-mapped	-5.5	-5.25	-5.375	30	0.35211267605633806
bc07	MHV-mut	Host-mapped	-5.25	-5.0	-5.125	36	0.42253521126760557
bc07	MHV-mut	Host-mapped	-5.0	-4.75	-4.875	42	0.49295774647887325
bc07	MHV-mut	Host-mapped	-4.75	-4.5	-4.625	55	0.6455399061032864
bc07	MHV-mut	Host-mapped	-4.5	-4.25	-4.375	52	0.6103286384976526
bc07	MHV-mut	Host-mapped	-4.25	-4.0	-4.125	62	0.727699530516432
bc07	MHV-mut	Host-mapped	-4.0	-3.75	-3.875	60	0.7042253521126761
bc07	MHV-mut	Host-mapped	-3.75	-3.5	-3.625	75	0.8802816901408451
bc07	MHV-mut	Host-mapped	-3.5	-3.25	-3.375	75	0.8802816901408451
bc07	MHV-mut	Host-mapped	-3.25	-3.0	-3.125	102	1.1971830985915493
bc07	MHV-mut	Host-mapped	-3.0	-2.75	-2.875	105	1.232394366197183
bc07	MHV-mut	Host-mapped	-2.75	-2.5	-2.625	101	1.1854460093896715
bc07	MHV-mut	Host-mapped	-2.5	-2.25	-2.375	131	1.5375586854460093
bc07	MHV-mut	Host-mapped	-2.25	-2.0	-2.125	123	1.443661971830986
bc07	MHV-mut	Host-mapped	-2.0	-1.75	-1.875	135	1.584507042253521
bc07	MHV-mut	Host-mapped	-1.75	-1.5	-1.625	132	1.5492957746478873
bc07	MHV-mut	Host-mapped	-1.5	-1.25	-1.375	163	1.9131455399061033
bc07	MHV-mut	Host-mapped	-1.25	-1.0	-1.125	180	2.112676056338028
bc07	MHV-mut	Host-mapped	-1.0	-0.75	-0.875	174	2.0422535211267605
bc07	MHV-mut	Host-mapped	-0.75	-0.5	-0.625	174	2.0422535211267605
bc07	MHV-mut	Host-mapped	-0.5	-0.25	-0.375	192	2.2535211267605635
bc07	MHV-mut	Host-mapped	-0.25	0.0	-0.125	191	2.2417840375586855
bc07	MHV-mut	Host-mapped	0.0	0.25	0.125	197	2.312206572769953
bc07	MHV-mut	Host-mapped	0.25	0.5	0.375	190	2.2300469483568075
bc07	MHV-mut	Host-mapped	0.5	0.75	0.625	206	2.4178403755868545
bc07	MHV-mut	Host-mapped	0.75	1.0	0.875	206	2.4178403755868545
bc07	MHV-mut	Host-mapped	1.0	1.25	1.125	202	2.370892018779343
bc07	MHV-mut	Host-mapped	1.25	1.5	1.375	218	2.5586854460093895
bc07	MHV-mut	Host-mapped	1.5	1.75	1.625	236	2.7699530516431925
bc07	MHV-mut	Host-mapped	1.75	2.0	1.875	239	2.805164319248826
bc07	MHV-mut	Host-mapped	2.0	2.25	2.125	225	2.640845070422535
bc07	MHV-mut	Host-mapped	2.25	2.5	2.375	244	2.863849765258216
bc07	MHV-mut	Host-mapped	2.5	2.75	2.625	247	2.89906103286385
bc07	MHV-mut	Host-mapped	2.75	3.0	2.875	231	2.7112676056338025
bc07	MHV-mut	Host-mapped	3.0	3.25	3.125	225	2.640845070422535
bc07	MHV-mut	Host-mapped	3.25	3.5	3.375	244	2.863849765258216
bc07	MHV-mut	Host-mapped	3.5	3.75	3.625	220	2.5821596244131455
bc07	MHV-mut	Host-mapped	3.75	4.0	3.875	231	2.7112676056338025
bc07	MHV-mut	Host-mapped	4.0	4.25	4.125	212	2.488262910798122
bc07	MHV-mut	Host-mapped	4.25	4.5	4.375	205	2.4061032863849765
bc07	MHV-mut	Host-mapped	4.5	4.75	4.625	195	2.2887323943661975
bc07	MHV-mut	Host-mapped	4.75	5.0	4.875	202	2.370892018779343
bc07	MHV-mut	Host-mapped	5.0	5.25	5.125	204	2.3943661971830985
bc07	MHV-mut	Host-mapped	5.25	5.5	5.375	185	2.171361502347418
bc07	MHV-mut	Host-mapped	5.5	5.75	5.625	145	1.7018779342723005
bc07	MHV-mut	Host-mapped	5.75	6.0	5.875	147	1.7253521126760565
bc07	MHV-mut	Host-mapped	6.0	6.25	6.125	141	1.6549295774647885
bc07	MHV-mut	Host-mapped	6.25	6.5	6.375	122	1.431924882629108
bc07	MHV-mut	Host-mapped	6.5	6.75	6.625	118	1.3849765258215962
bc07	MHV-mut	Host-mapped	6.75	7.0	6.875	84	0.9859154929577465
bc07	MHV-mut	Host-mapped	7.0	7.25	7.125	92	1.07981220657277
bc07	MHV-mut	Host-mapped	7.25	7.5	7.375	69	0.8098591549295774
bc07	MHV-mut	Host-mapped	7.5	7.75	7.625	60	0.7042253521126761
bc07	MHV-mut	Host-mapped	7.75	8.0	7.875	51	0.5985915492957746
bc07	MHV-mut	Host-mapped	8.0	8.25	8.125	38	0.4460093896713615
bc07	MHV-mut	Host-mapped	8.25	8.5	8.375	33	0.3873239436619718
bc07	MHV-mut	Host-mapped	8.5	8.75	8.625	35	0.41079812206572774
bc07	MHV-mut	Host-mapped	8.75	9.0	8.875	23	0.2699530516431925
bc07	MHV-mut	Host-mapped	9.0	9.25	9.125	12	0.14084507042253522
bc07	MHV-mut	Host-mapped	9.25	9.5	9.375	9	0.10563380281690139
bc07	MHV-mut	Host-mapped	9.5	9.75	9.625	12	0.14084507042253522
bc07	MHV-mut	Host-mapped	9.75	10.0	9.875	4	0.046948356807511735
bc07	MHV-mut	Host-mapped	10.0	10.25	10.125	7	0.08215962441314553
bc07	MHV-mut	Host-mapped	10.25	10.5	10.375	7	0.08215962441314553
bc07	MHV-mut	Host-mapped	10.5	10.75	10.625	4	0.046948356807511735
bc07	MHV-mut	Host-mapped	10.75	11.0	10.875	2	0.023474178403755867
bc07	MHV-mut	Host-mapped	11.0	11.25	11.125	4	0.046948356807511735
bc07	MHV-mut	Host-mapped	11.25	11.5	11.375	1	0.011737089201877934
bc07	MHV-mut	Host-mapped	11.5	11.75	11.625	2	0.023474178403755867
bc07	MHV-mut	Host-mapped	11.75	12.0	11.875	1	0.011737089201877934
bc07	MHV-mut	Host-mapped	12.0	12.25	12.125	1	0.011737089201877934
bc07	MHV-mut	Host-mapped	12.25	12.5	12.375	0	0.0
bc07	MHV-mut	Host-mapped	12.5	12.75	12.625	2	0.023474178403755867
bc07	MHV-mut	Host-mapped	12.75	13.0	12.875	0	0.0
bc07	MHV-mut	Host-mapped	13.0	13.25	13.125	0	0.0
bc07	MHV-mut	Host-mapped	13.25	13.5	13.375	0	0.0
bc07	MHV-mut	Host-mapped	13.5	13.75	13.625	0	0.0
bc07	MHV-mut	Host-mapped	13.75	14.0	13.875	0	0.0
bc07	MHV-mut	Host-mapped	14.0	14.25	14.125	0	0.0
bc07	MHV-mut	Host-mapped	14.25	14.5	14.375	0	0.0
bc07	MHV-mut	Host-mapped	14.5	14.75	14.625	0	0.0
bc07	MHV-mut	Host-mapped	14.75	15.0	14.875	1	0.011737089201877934
bc11	MHV-mut	Host-mapped	-15.0	-14.75	-14.875	0	0.0
bc11	MHV-mut	Host-mapped	-14.75	-14.5	-14.625	1	0.004528370239550786
bc11	MHV-mut	Host-mapped	-14.5	-14.25	-14.375	0	0.0
bc11	MHV-mut	Host-mapped	-14.25	-14.0	-14.125	3	0.013585110718652356
bc11	MHV-mut	Host-mapped	-14.0	-13.75	-13.875	0	0.0
bc11	MHV-mut	Host-mapped	-13.75	-13.5	-13.625	1	0.004528370239550786
bc11	MHV-mut	Host-mapped	-13.5	-13.25	-13.375	1	0.004528370239550786
bc11	MHV-mut	Host-mapped	-13.25	-13.0	-13.125	1	0.004528370239550786
bc11	MHV-mut	Host-mapped	-13.0	-12.75	-12.875	2	0.009056740479101572
bc11	MHV-mut	Host-mapped	-12.75	-12.5	-12.625	2	0.009056740479101572
bc11	MHV-mut	Host-mapped	-12.5	-12.25	-12.375	2	0.009056740479101572
bc11	MHV-mut	Host-mapped	-12.25	-12.0	-12.125	4	0.018113480958203143
bc11	MHV-mut	Host-mapped	-12.0	-11.75	-11.875	5	0.02264185119775393
bc11	MHV-mut	Host-mapped	-11.75	-11.5	-11.625	4	0.018113480958203143
bc11	MHV-mut	Host-mapped	-11.5	-11.25	-11.375	8	0.036226961916406286
bc11	MHV-mut	Host-mapped	-11.25	-11.0	-11.125	7	0.0316985916768555
bc11	MHV-mut	Host-mapped	-11.0	-10.75	-10.875	10	0.04528370239550786
bc11	MHV-mut	Host-mapped	-10.75	-10.5	-10.625	6	0.02717022143730471
bc11	MHV-mut	Host-mapped	-10.5	-10.25	-10.375	15	0.06792555359326179
bc11	MHV-mut	Host-mapped	-10.25	-10.0	-10.125	18	0.08151066431191414
bc11	MHV-mut	Host-mapped	-10.0	-9.75	-9.875	16	0.07245392383281257
bc11	MHV-mut	Host-mapped	-9.75	-9.5	-9.625	25	0.11320925598876964
bc11	MHV-mut	Host-mapped	-9.5	-9.25	-9.375	28	0.126794366707422
bc11	MHV-mut	Host-mapped	-9.25	-9.0	-9.125	20	0.09056740479101572
bc11	MHV-mut	Host-mapped	-9.0	-8.75	-8.875	46	0.20830503101933615
bc11	MHV-mut	Host-mapped	-8.75	-8.5	-8.625	44	0.19924829054023457
bc11	MHV-mut	Host-mapped	-8.5	-8.25	-8.375	52	0.23547525245664083
bc11	MHV-mut	Host-mapped	-8.25	-8.0	-8.125	58	0.26264547389394555
bc11	MHV-mut	Host-mapped	-8.0	-7.75	-7.875	73	0.33057102748720735
bc11	MHV-mut	Host-mapped	-7.75	-7.5	-7.625	94	0.42566680251777383
bc11	MHV-mut	Host-mapped	-7.5	-7.25	-7.375	89	0.4030249513200199
bc11	MHV-mut	Host-mapped	-7.25	-7.0	-7.125	140	0.6339718335371101
bc11	MHV-mut	Host-mapped	-7.0	-6.75	-6.875	153	0.6928406466512702
bc11	MHV-mut	Host-mapped	-6.75	-6.5	-6.625	153	0.6928406466512702
bc11	MHV-mut	Host-mapped	-6.5	-6.25	-6.375	193	0.8739754562333015
bc11	MHV-mut	Host-mapped	-6.25	-6.0	-6.125	211	0.9554861205452159
bc11	MHV-mut	Host-mapped	-6.0	-5.75	-5.875	223	1.0098265634198251
bc11	MHV-mut	Host-mapped	-5.75	-5.5	-5.625	252	1.1411493003667978
bc11	MHV-mut	Host-mapped	-5.5	-5.25	-5.375	289	1.308698999230177
bc11	MHV-mut	Host-mapped	-5.25	-5.0	-5.125	309	1.3992664040211928
bc11	MHV-mut	Host-mapped	-5.0	-4.75	-4.875	327	1.4807770683331067
bc11	MHV-mut	Host-mapped	-4.75	-4.5	-4.625	362	1.6392700267173845
bc11	MHV-mut	Host-mapped	-4.5	-4.25	-4.375	365	1.6528551374360367
bc11	MHV-mut	Host-mapped	-4.25	-4.0	-4.125	430	1.947199203006838
bc11	MHV-mut	Host-mapped	-4.0	-3.75	-3.875	404	1.8294615767785172
bc11	MHV-mut	Host-mapped	-3.75	-3.5	-3.625	441	1.9970112756418963
bc11	MHV-mut	Host-mapped	-3.5	-3.25	-3.375	426	1.9290857220486346
bc11	MHV-mut	Host-mapped	-3.25	-3.0	-3.125	460	2.0830503101933613
bc11	MHV-mut	Host-mapped	-3.0	-2.75	-2.875	485	2.196259566182131
bc11	MHV-mut	Host-mapped	-2.75	-2.5	-2.625	483	2.1872028257030296
bc11	MHV-mut	Host-mapped	-2.5	-2.25	-2.375	449	2.0332382375583027
bc11	MHV-mut	Host-mapped	-2.25	-2.0	-2.125	481	2.178146085223928
bc11	MHV-mut	Host-mapped	-2.0	-1.75	-1.875	554	2.508717112711135
bc11	MHV-mut	Host-mapped	-1.75	-1.5	-1.625	465	2.1056921613911155
bc11	MHV-mut	Host-mapped	-1.5	-1.25	-1.375	516	2.3366390436082054
bc11	MHV-mut	Host-mapped	-1.25	-1.0	-1.125	535	2.42267807815967
bc11	MHV-mut	Host-mapped	-1.0	-0.75	-0.875	518	2.345695784087307
bc11	MHV-mut	Host-mapped	-0.75	-0.5	-0.625	486	2.2007879364216816
bc11	MHV-mut	Host-mapped	-0.5	-0.25	-0.375	462	2.092107050672463
bc11	MHV-mut	Host-mapped	-0.25	0.0	-0.125	510	2.3094688221709005
bc11	MHV-mut	Host-mapped	0.0	0.25	0.125	543	2.458905040076077
bc11	MHV-mut	Host-mapped	0.25	0.5	0.375	505	2.286826970973147
bc11	MHV-mut	Host-mapped	0.5	0.75	0.625	566	2.5630575555857447
bc11	MHV-mut	Host-mapped	0.75	1.0	0.875	522	2.3638092650455103
bc11	MHV-mut	Host-mapped	1.0	1.25	1.125	542	2.454376669836526
bc11	MHV-mut	Host-mapped	1.25	1.5	1.375	534	2.4181497079201195
bc11	MHV-mut	Host-mapped	1.5	1.75	1.625	476	2.155504234026174
bc11	MHV-mut	Host-mapped	1.75	2.0	1.875	497	2.2506000090567406
bc11	MHV-mut	Host-mapped	2.0	2.25	2.125	491	2.2234297876194358
bc11	MHV-mut	Host-mapped	2.25	2.5	2.375	485	2.196259566182131
bc11	MHV-mut	Host-mapped	2.5	2.75	2.625	462	2.092107050672463
bc11	MHV-mut	Host-mapped	2.75	3.0	2.875	439	1.9879545351627947
bc11	MHV-mut	Host-mapped	3.0	3.25	3.125	402	1.8204048362994159
bc11	MHV-mut	Host-mapped	3.25	3.5	3.375	421	1.9064438708508806
bc11	MHV-mut	Host-mapped	3.5	3.75	3.625	363	1.6437983969569352
bc11	MHV-mut	Host-mapped	3.75	4.0	3.875	364	1.6483267671964859
bc11	MHV-mut	Host-mapped	4.0	4.25	4.125	318	1.44002173617715
bc11	MHV-mut	Host-mapped	4.25	4.5	4.375	316	1.4309649956980484
bc11	MHV-mut	Host-mapped	4.5	4.75	4.625	270	1.2226599646787122
bc11	MHV-mut	Host-mapped	4.75	5.0	4.875	255	1.1547344110854503
bc11	MHV-mut	Host-mapped	5.0	5.25	5.125	219	0.991713082461622
bc11	MHV-mut	Host-mapped	5.25	5.5	5.375	207	0.9373726395870126
bc11	MHV-mut	Host-mapped	5.5	5.75	5.625	178	0.8060499026400398
bc11	MHV-mut	Host-mapped	5.75	6.0	5.875	140	0.6339718335371101
bc11	MHV-mut	Host-mapped	6.0	6.25	6.125	146	0.6611420549744147
bc11	MHV-mut	Host-mapped	6.25	6.5	6.375	104	0.47095050491328166
bc11	MHV-mut	Host-mapped	6.5	6.75	6.625	88	0.39849658108046915
bc11	MHV-mut	Host-mapped	6.75	7.0	6.875	96	0.4347235429968754
bc11	MHV-mut	Host-mapped	7.0	7.25	7.125	59	0.2671738441334964
bc11	MHV-mut	Host-mapped	7.25	7.5	7.375	68	0.30792917628945343
bc11	MHV-mut	Host-mapped	7.5	7.75	7.625	48	0.2173617714984377
bc11	MHV-mut	Host-mapped	7.75	8.0	7.875	41	0.1856631798215822
bc11	MHV-mut	Host-mapped	8.0	8.25	8.125	25	0.11320925598876964
bc11	MHV-mut	Host-mapped	8.25	8.5	8.375	32	0.14490784766562514
bc11	MHV-mut	Host-mapped	8.5	8.75	8.625	27	0.12226599646787122
bc11	MHV-mut	Host-mapped	8.75	9.0	8.875	17	0.07698229407236336
bc11	MHV-mut	Host-mapped	9.0	9.25	9.125	26	0.11773762622832042
bc11	MHV-mut	Host-mapped	9.25	9.5	9.375	18	0.08151066431191414
bc11	MHV-mut	Host-mapped	9.5	9.75	9.625	5	0.02264185119775393
bc11	MHV-mut	Host-mapped	9.75	10.0	9.875	9	0.04075533215595707
bc11	MHV-mut	Host-mapped	10.0	10.25	10.125	6	0.02717022143730471
bc11	MHV-mut	Host-mapped	10.25	10.5	10.375	3	0.013585110718652356
bc11	MHV-mut	Host-mapped	10.5	10.75	10.625	0	0.0
bc11	MHV-mut	Host-mapped	10.75	11.0	10.875	3	0.013585110718652356
bc11	MHV-mut	Host-mapped	11.0	11.25	11.125	4	0.018113480958203143
bc11	MHV-mut	Host-mapped	11.25	11.5	11.375	1	0.004528370239550786
bc11	MHV-mut	Host-mapped	11.5	11.75	11.625	1	0.004528370239550786
bc11	MHV-mut	Host-mapped	11.75	12.0	11.875	1	0.004528370239550786
bc11	MHV-mut	Host-mapped	12.0	12.25	12.125	1	0.004528370239550786
bc11	MHV-mut	Host-mapped	12.25	12.5	12.375	1	0.004528370239550786
bc11	MHV-mut	Host-mapped	12.5	12.75	12.625	0	0.0
bc11	MHV-mut	Host-mapped	12.75	13.0	12.875	1	0.004528370239550786
bc11	MHV-mut	Host-mapped	13.0	13.25	13.125	0	0.0
bc11	MHV-mut	Host-mapped	13.25	13.5	13.375	0	0.0
bc11	MHV-mut	Host-mapped	13.5	13.75	13.625	1	0.004528370239550786
bc11	MHV-mut	Host-mapped	13.75	14.0	13.875	1	0.004528370239550786
bc11	MHV-mut	Host-mapped	14.0	14.25	14.125	0	0.0
bc11	MHV-mut	Host-mapped	14.25	14.5	14.375	0	0.0
bc11	MHV-mut	Host-mapped	14.5	14.75	14.625	0	0.0
bc11	MHV-mut	Host-mapped	14.75	15.0	14.875	0	0.0
